Id,When,Type,Unit,Alberta,ModifiedDate
74390,1/1/1988 12:00:00 AM,NatGas,$CDN/GJ,1.56,9/28/2018 10:37:40 AM
74391,2/1/1988 12:00:00 AM,NatGas,$CDN/GJ,1.63,9/28/2018 10:37:40 AM
74392,3/1/1988 12:00:00 AM,NatGas,$CDN/GJ,1.6,9/28/2018 10:37:40 AM
74393,4/1/1988 12:00:00 AM,NatGas,$CDN/GJ,1.53,9/28/2018 10:37:40 AM
74394,5/1/1988 12:00:00 AM,NatGas,$CDN/GJ,1.48,9/28/2018 10:37:40 AM
74395,6/1/1988 12:00:00 AM,NatGas,$CDN/GJ,1.46,9/28/2018 10:37:40 AM
74396,7/1/1988 12:00:00 AM,NatGas,$CDN/GJ,1.53,9/28/2018 10:37:40 AM
74397,8/1/1988 12:00:00 AM,NatGas,$CDN/GJ,1.53,9/28/2018 10:37:40 AM
74398,9/1/1988 12:00:00 AM,NatGas,$CDN/GJ,1.53,9/28/2018 10:37:40 AM
74399,10/1/1988 12:00:00 AM,NatGas,$CDN/GJ,1.55,9/28/2018 10:37:40 AM
74400,11/1/1988 12:00:00 AM,NatGas,$CDN/GJ,1.59,9/28/2018 10:37:40 AM
74401,12/1/1988 12:00:00 AM,NatGas,$CDN/GJ,1.61,9/28/2018 10:37:40 AM
74402,1/1/1989 12:00:00 AM,NatGas,$CDN/GJ,1.62,9/28/2018 10:37:40 AM
74403,2/1/1989 12:00:00 AM,NatGas,$CDN/GJ,1.62,9/28/2018 10:37:40 AM
74404,3/1/1989 12:00:00 AM,NatGas,$CDN/GJ,1.58,9/28/2018 10:37:40 AM
74405,4/1/1989 12:00:00 AM,NatGas,$CDN/GJ,1.55,9/28/2018 10:37:40 AM
74406,5/1/1989 12:00:00 AM,NatGas,$CDN/GJ,1.54,9/28/2018 10:37:40 AM
74407,6/1/1989 12:00:00 AM,NatGas,$CDN/GJ,1.5,9/28/2018 10:37:40 AM
74408,7/1/1989 12:00:00 AM,NatGas,$CDN/GJ,1.46,9/28/2018 10:37:40 AM
74409,8/1/1989 12:00:00 AM,NatGas,$CDN/GJ,1.46,9/28/2018 10:37:40 AM
74410,9/1/1989 12:00:00 AM,NatGas,$CDN/GJ,1.47,9/28/2018 10:37:40 AM
74411,10/1/1989 12:00:00 AM,NatGas,$CDN/GJ,1.47,9/28/2018 10:37:40 AM
74412,11/1/1989 12:00:00 AM,NatGas,$CDN/GJ,1.52,9/28/2018 10:37:40 AM
74413,12/1/1989 12:00:00 AM,NatGas,$CDN/GJ,1.55,9/28/2018 10:37:40 AM
74414,1/1/1990 12:00:00 AM,NatGas,$CDN/GJ,1.62,9/28/2018 10:37:40 AM
74415,2/1/1990 12:00:00 AM,NatGas,$CDN/GJ,1.64,9/28/2018 10:37:40 AM
74416,3/1/1990 12:00:00 AM,NatGas,$CDN/GJ,1.59,9/28/2018 10:37:40 AM
74417,4/1/1990 12:00:00 AM,NatGas,$CDN/GJ,1.53,9/28/2018 10:37:40 AM
74418,5/1/1990 12:00:00 AM,NatGas,$CDN/GJ,1.55,9/28/2018 10:37:40 AM
74419,6/1/1990 12:00:00 AM,NatGas,$CDN/GJ,1.5,9/28/2018 10:37:40 AM
74420,7/1/1990 12:00:00 AM,NatGas,$CDN/GJ,1.5,9/28/2018 10:37:40 AM
74421,8/1/1990 12:00:00 AM,NatGas,$CDN/GJ,1.48,9/28/2018 10:37:40 AM
74422,9/1/1990 12:00:00 AM,NatGas,$CDN/GJ,1.48,9/28/2018 10:37:40 AM
74423,10/1/1990 12:00:00 AM,NatGas,$CDN/GJ,1.52,9/28/2018 10:37:40 AM
74424,11/1/1990 12:00:00 AM,NatGas,$CDN/GJ,1.58,9/28/2018 10:37:40 AM
74425,12/1/1990 12:00:00 AM,NatGas,$CDN/GJ,1.64,9/28/2018 10:37:40 AM
74426,1/1/1991 12:00:00 AM,NatGas,$CDN/GJ,1.64,9/28/2018 10:37:40 AM
74427,2/1/1991 12:00:00 AM,NatGas,$CDN/GJ,1.59,9/28/2018 10:37:40 AM
74428,3/1/1991 12:00:00 AM,NatGas,$CDN/GJ,1.49,9/28/2018 10:37:40 AM
74429,4/1/1991 12:00:00 AM,NatGas,$CDN/GJ,1.42,9/28/2018 10:37:40 AM
74430,5/1/1991 12:00:00 AM,NatGas,$CDN/GJ,1.38,9/28/2018 10:37:40 AM
74431,6/1/1991 12:00:00 AM,NatGas,$CDN/GJ,1.3,9/28/2018 10:37:40 AM
74432,7/1/1991 12:00:00 AM,NatGas,$CDN/GJ,1.25,9/28/2018 10:37:40 AM
74433,8/1/1991 12:00:00 AM,NatGas,$CDN/GJ,1.18,9/28/2018 10:37:40 AM
74434,9/1/1991 12:00:00 AM,NatGas,$CDN/GJ,1.18,9/28/2018 10:37:40 AM
74435,10/1/1991 12:00:00 AM,NatGas,$CDN/GJ,1.22,9/28/2018 10:37:40 AM
74436,11/1/1991 12:00:00 AM,NatGas,$CDN/GJ,1.33,9/28/2018 10:37:40 AM
74437,12/1/1991 12:00:00 AM,NatGas,$CDN/GJ,1.36,9/28/2018 10:37:40 AM
74438,1/1/1992 12:00:00 AM,NatGas,$CDN/GJ,1.36,9/28/2018 10:37:40 AM
74439,2/1/1992 12:00:00 AM,NatGas,$CDN/GJ,1.26,9/28/2018 10:37:40 AM
74440,3/1/1992 12:00:00 AM,NatGas,$CDN/GJ,1.22,9/28/2018 10:37:40 AM
74441,4/1/1992 12:00:00 AM,NatGas,$CDN/GJ,1.24,9/28/2018 10:37:40 AM
74442,5/1/1992 12:00:00 AM,NatGas,$CDN/GJ,1.26,9/28/2018 10:37:40 AM
74443,6/1/1992 12:00:00 AM,NatGas,$CDN/GJ,1.28,9/28/2018 10:37:40 AM
74444,7/1/1992 12:00:00 AM,NatGas,$CDN/GJ,1.21,9/28/2018 10:37:40 AM
74445,8/1/1992 12:00:00 AM,NatGas,$CDN/GJ,1.28,9/28/2018 10:37:40 AM
74446,9/1/1992 12:00:00 AM,NatGas,$CDN/GJ,1.28,9/28/2018 10:37:40 AM
74447,10/1/1992 12:00:00 AM,NatGas,$CDN/GJ,1.45,9/28/2018 10:37:40 AM
74448,11/1/1992 12:00:00 AM,NatGas,$CDN/GJ,1.45,9/28/2018 10:37:40 AM
74449,12/1/1992 12:00:00 AM,NatGas,$CDN/GJ,1.44,9/28/2018 10:37:40 AM
74450,1/1/1993 12:00:00 AM,NatGas,$CDN/GJ,1.46,9/28/2018 10:37:40 AM
74451,2/1/1993 12:00:00 AM,NatGas,$CDN/GJ,1.42,9/28/2018 10:37:40 AM
74452,3/1/1993 12:00:00 AM,NatGas,$CDN/GJ,1.47,9/28/2018 10:37:40 AM
74453,4/1/1993 12:00:00 AM,NatGas,$CDN/GJ,1.53,9/28/2018 10:37:40 AM
74454,5/1/1993 12:00:00 AM,NatGas,$CDN/GJ,1.59,9/28/2018 10:37:40 AM
74455,6/1/1993 12:00:00 AM,NatGas,$CDN/GJ,1.56,9/28/2018 10:37:40 AM
74456,7/1/1993 12:00:00 AM,NatGas,$CDN/GJ,1.49,9/28/2018 10:37:40 AM
74457,8/1/1993 12:00:00 AM,NatGas,$CDN/GJ,1.5,9/28/2018 10:37:40 AM
74458,9/1/1993 12:00:00 AM,NatGas,$CDN/GJ,1.55,9/28/2018 10:37:40 AM
74459,10/1/1993 12:00:00 AM,NatGas,$CDN/GJ,1.56,9/28/2018 10:37:40 AM
74460,11/1/1993 12:00:00 AM,NatGas,$CDN/GJ,1.87,9/28/2018 10:37:40 AM
74461,12/1/1993 12:00:00 AM,NatGas,$CDN/GJ,1.94,9/28/2018 10:37:40 AM
74462,1/1/1994 12:00:00 AM,NatGas,$CDN/GJ,1.93,9/28/2018 10:37:40 AM
74463,2/1/1994 12:00:00 AM,NatGas,$CDN/GJ,2.04,9/28/2018 10:37:40 AM
74464,3/1/1994 12:00:00 AM,NatGas,$CDN/GJ,2.07,9/28/2018 10:37:40 AM
74465,4/1/1994 12:00:00 AM,NatGas,$CDN/GJ,1.82,9/28/2018 10:37:40 AM
74466,5/1/1994 12:00:00 AM,NatGas,$CDN/GJ,1.8,9/28/2018 10:37:40 AM
74467,6/1/1994 12:00:00 AM,NatGas,$CDN/GJ,1.66,9/28/2018 10:37:40 AM
74468,7/1/1994 12:00:00 AM,NatGas,$CDN/GJ,1.73,9/28/2018 10:37:40 AM
74469,8/1/1994 12:00:00 AM,NatGas,$CDN/GJ,1.66,9/28/2018 10:37:40 AM
74470,9/1/1994 12:00:00 AM,NatGas,$CDN/GJ,1.5,9/28/2018 10:37:40 AM
74471,10/1/1994 12:00:00 AM,NatGas,$CDN/GJ,1.35,9/28/2018 10:37:40 AM
74472,11/1/1994 12:00:00 AM,NatGas,$CDN/GJ,1.53,9/28/2018 10:37:40 AM
74473,12/1/1994 12:00:00 AM,NatGas,$CDN/GJ,1.56,9/28/2018 10:37:40 AM
74474,1/1/1995 12:00:00 AM,NatGas,$CDN/GJ,1.39,9/28/2018 10:37:40 AM
74475,2/1/1995 12:00:00 AM,NatGas,$CDN/GJ,1.25,9/28/2018 10:37:40 AM
74476,3/1/1995 12:00:00 AM,NatGas,$CDN/GJ,1.2,9/28/2018 10:37:40 AM
74477,4/1/1995 12:00:00 AM,NatGas,$CDN/GJ,1.19,9/28/2018 10:37:40 AM
74478,5/1/1995 12:00:00 AM,NatGas,$CDN/GJ,1.25,9/28/2018 10:37:40 AM
74479,6/1/1995 12:00:00 AM,NatGas,$CDN/GJ,1.27,9/28/2018 10:37:40 AM
74480,7/1/1995 12:00:00 AM,NatGas,$CDN/GJ,1.1,9/28/2018 10:37:40 AM
74481,8/1/1995 12:00:00 AM,NatGas,$CDN/GJ,1.07,9/28/2018 10:37:40 AM
74482,9/1/1995 12:00:00 AM,NatGas,$CDN/GJ,1.2,9/28/2018 10:37:40 AM
74483,10/1/1995 12:00:00 AM,NatGas,$CDN/GJ,1.25,9/28/2018 10:37:40 AM
74484,11/1/1995 12:00:00 AM,NatGas,$CDN/GJ,1.29,9/28/2018 10:37:40 AM
74485,12/1/1995 12:00:00 AM,NatGas,$CDN/GJ,1.39,9/28/2018 10:37:40 AM
74486,1/1/1996 12:00:00 AM,NatGas,$CDN/GJ,1.62,9/28/2018 10:37:40 AM
74487,2/1/1996 12:00:00 AM,NatGas,$CDN/GJ,1.61,9/28/2018 10:37:40 AM
74488,3/1/1996 12:00:00 AM,NatGas,$CDN/GJ,1.6,9/28/2018 10:37:40 AM
74489,4/1/1996 12:00:00 AM,NatGas,$CDN/GJ,1.51,9/28/2018 10:37:40 AM
74490,5/1/1996 12:00:00 AM,NatGas,$CDN/GJ,1.41,9/28/2018 10:37:40 AM
74491,6/1/1996 12:00:00 AM,NatGas,$CDN/GJ,1.37,9/28/2018 10:37:40 AM
74492,7/1/1996 12:00:00 AM,NatGas,$CDN/GJ,1.38,9/28/2018 10:37:40 AM
74493,8/1/1996 12:00:00 AM,NatGas,$CDN/GJ,1.38,9/28/2018 10:37:40 AM
74494,9/1/1996 12:00:00 AM,NatGas,$CDN/GJ,1.2,9/28/2018 10:37:40 AM
74495,10/1/1996 12:00:00 AM,NatGas,$CDN/GJ,1.28,9/28/2018 10:37:40 AM
74496,11/1/1996 12:00:00 AM,NatGas,$CDN/GJ,1.79,9/28/2018 10:37:40 AM
74497,12/1/1996 12:00:00 AM,NatGas,$CDN/GJ,2.36,9/28/2018 10:37:40 AM
74498,1/1/1997 12:00:00 AM,NatGas,$CDN/GJ,2.77,9/28/2018 10:37:40 AM
74499,2/1/1997 12:00:00 AM,NatGas,$CDN/GJ,2.28,9/28/2018 10:37:40 AM
74500,3/1/1997 12:00:00 AM,NatGas,$CDN/GJ,1.39,9/28/2018 10:37:40 AM
74501,4/1/1997 12:00:00 AM,NatGas,$CDN/GJ,1.44,9/28/2018 10:37:40 AM
74502,5/1/1997 12:00:00 AM,NatGas,$CDN/GJ,1.57,9/28/2018 10:37:40 AM
74503,6/1/1997 12:00:00 AM,NatGas,$CDN/GJ,1.65,9/28/2018 10:37:40 AM
74504,7/1/1997 12:00:00 AM,NatGas,$CDN/GJ,1.59,9/28/2018 10:37:40 AM
74505,8/1/1997 12:00:00 AM,NatGas,$CDN/GJ,1.57,9/28/2018 10:37:40 AM
74506,9/1/1997 12:00:00 AM,NatGas,$CDN/GJ,1.73,9/28/2018 10:37:40 AM
74507,10/1/1997 12:00:00 AM,NatGas,$CDN/GJ,2.07,9/28/2018 10:37:40 AM
74508,11/1/1997 12:00:00 AM,NatGas,$CDN/GJ,2.37,9/28/2018 10:37:40 AM
74509,12/1/1997 12:00:00 AM,NatGas,$CDN/GJ,1.95,9/28/2018 10:37:40 AM
74510,1/1/1998 12:00:00 AM,NatGas,$CDN/GJ,1.8,9/28/2018 10:37:40 AM
74511,2/1/1998 12:00:00 AM,NatGas,$CDN/GJ,1.73,9/28/2018 10:37:40 AM
74512,3/1/1998 12:00:00 AM,NatGas,$CDN/GJ,1.71,9/28/2018 10:37:40 AM
74513,4/1/1998 12:00:00 AM,NatGas,$CDN/GJ,1.84,9/28/2018 10:37:40 AM
74514,5/1/1998 12:00:00 AM,NatGas,$CDN/GJ,1.84,9/28/2018 10:37:40 AM
74515,6/1/1998 12:00:00 AM,NatGas,$CDN/GJ,1.71,9/28/2018 10:37:40 AM
74516,7/1/1998 12:00:00 AM,NatGas,$CDN/GJ,1.83,9/28/2018 10:37:40 AM
74517,8/1/1998 12:00:00 AM,NatGas,$CDN/GJ,1.78,9/28/2018 10:37:40 AM
74518,9/1/1998 12:00:00 AM,NatGas,$CDN/GJ,1.56,9/28/2018 10:37:40 AM
74519,10/1/1998 12:00:00 AM,NatGas,$CDN/GJ,1.86,9/28/2018 10:37:40 AM
74520,11/1/1998 12:00:00 AM,NatGas,$CDN/GJ,2.19,9/28/2018 10:37:40 AM
74521,12/1/1998 12:00:00 AM,NatGas,$CDN/GJ,2.22,9/28/2018 10:37:40 AM
74522,1/1/1999 12:00:00 AM,NatGas,$CDN/GJ,2.04,9/28/2018 10:37:40 AM
74523,2/1/1999 12:00:00 AM,NatGas,$CDN/GJ,1.9,9/28/2018 10:37:40 AM
74524,3/1/1999 12:00:00 AM,NatGas,$CDN/GJ,1.8,9/28/2018 10:37:40 AM
74525,4/1/1999 12:00:00 AM,NatGas,$CDN/GJ,1.9,9/28/2018 10:37:40 AM
74526,5/1/1999 12:00:00 AM,NatGas,$CDN/GJ,2.21,9/28/2018 10:37:40 AM
74527,6/1/1999 12:00:00 AM,NatGas,$CDN/GJ,2.22,9/28/2018 10:37:40 AM
74528,7/1/1999 12:00:00 AM,NatGas,$CDN/GJ,2.33,9/28/2018 10:37:40 AM
74529,8/1/1999 12:00:00 AM,NatGas,$CDN/GJ,2.6,9/28/2018 10:37:40 AM
74530,9/1/1999 12:00:00 AM,NatGas,$CDN/GJ,2.86,9/28/2018 10:37:40 AM
74531,10/1/1999 12:00:00 AM,NatGas,$CDN/GJ,2.72,9/28/2018 10:37:40 AM
74532,11/1/1999 12:00:00 AM,NatGas,$CDN/GJ,3.06,9/28/2018 10:37:40 AM
74533,12/1/1999 12:00:00 AM,NatGas,$CDN/GJ,2.54,9/28/2018 10:37:40 AM
74534,1/1/2000 12:00:00 AM,NatGas,$CDN/GJ,2.5,9/28/2018 10:37:40 AM
74535,2/1/2000 12:00:00 AM,NatGas,$CDN/GJ,2.62,9/28/2018 10:37:40 AM
74536,3/1/2000 12:00:00 AM,NatGas,$CDN/GJ,2.72,9/28/2018 10:37:40 AM
74537,4/1/2000 12:00:00 AM,NatGas,$CDN/GJ,3.1,9/28/2018 10:37:40 AM
74538,5/1/2000 12:00:00 AM,NatGas,$CDN/GJ,3.35,9/28/2018 10:37:40 AM
74539,6/1/2000 12:00:00 AM,NatGas,$CDN/GJ,4.33,9/28/2018 10:37:40 AM
74540,7/1/2000 12:00:00 AM,NatGas,$CDN/GJ,4.42,9/28/2018 10:37:40 AM
74541,8/1/2000 12:00:00 AM,NatGas,$CDN/GJ,3.93,9/28/2018 10:37:40 AM
74542,9/1/2000 12:00:00 AM,NatGas,$CDN/GJ,4.66,9/28/2018 10:37:40 AM
74543,10/1/2000 12:00:00 AM,NatGas,$CDN/GJ,5.53,9/28/2018 10:37:40 AM
74544,11/1/2000 12:00:00 AM,NatGas,$CDN/GJ,5.79,9/28/2018 10:37:40 AM
74545,12/1/2000 12:00:00 AM,NatGas,$CDN/GJ,8.28,9/28/2018 10:37:40 AM
74546,1/1/2001 12:00:00 AM,NatGas,$CDN/GJ,11.21,9/28/2018 10:37:40 AM
74547,2/1/2001 12:00:00 AM,NatGas,$CDN/GJ,8.05,9/28/2018 10:37:40 AM
74548,3/1/2001 12:00:00 AM,NatGas,$CDN/GJ,6.48,9/28/2018 10:37:40 AM
74549,4/1/2001 12:00:00 AM,NatGas,$CDN/GJ,6.59,9/28/2018 10:37:40 AM
74550,5/1/2001 12:00:00 AM,NatGas,$CDN/GJ,5.74,9/28/2018 10:37:40 AM
74551,6/1/2001 12:00:00 AM,NatGas,$CDN/GJ,4.44,9/28/2018 10:37:40 AM
74552,7/1/2001 12:00:00 AM,NatGas,$CDN/GJ,3.75,9/28/2018 10:37:40 AM
74553,8/1/2001 12:00:00 AM,NatGas,$CDN/GJ,3.53,9/28/2018 10:37:40 AM
74554,9/1/2001 12:00:00 AM,NatGas,$CDN/GJ,2.76,9/28/2018 10:37:40 AM
74555,10/1/2001 12:00:00 AM,NatGas,$CDN/GJ,2.4,9/28/2018 10:37:40 AM
74556,11/1/2001 12:00:00 AM,NatGas,$CDN/GJ,3.33,9/28/2018 10:37:40 AM
74557,12/1/2001 12:00:00 AM,NatGas,$CDN/GJ,3.2,9/28/2018 10:37:40 AM
74558,1/1/2002 12:00:00 AM,NatGas,$CDN/GJ,3.17,9/28/2018 10:37:40 AM
74559,2/1/2002 12:00:00 AM,NatGas,$CDN/GJ,2.71,9/28/2018 10:37:40 AM
74560,3/1/2002 12:00:00 AM,NatGas,$CDN/GJ,3.23,9/28/2018 10:37:40 AM
74561,4/1/2002 12:00:00 AM,NatGas,$CDN/GJ,3.91,9/28/2018 10:37:40 AM
74562,5/1/2002 12:00:00 AM,NatGas,$CDN/GJ,3.91,9/28/2018 10:37:40 AM
74563,6/1/2002 12:00:00 AM,NatGas,$CDN/GJ,3.54,9/28/2018 10:37:40 AM
74564,7/1/2002 12:00:00 AM,NatGas,$CDN/GJ,3.17,9/28/2018 10:37:40 AM
74565,8/1/2002 12:00:00 AM,NatGas,$CDN/GJ,2.93,9/28/2018 10:37:40 AM
74566,9/1/2002 12:00:00 AM,NatGas,$CDN/GJ,3.51,9/28/2018 10:37:40 AM
74567,10/1/2002 12:00:00 AM,NatGas,$CDN/GJ,4.27,9/28/2018 10:37:40 AM
74568,11/1/2002 12:00:00 AM,NatGas,$CDN/GJ,4.85,9/28/2018 10:37:40 AM
74569,12/1/2002 12:00:00 AM,NatGas,$CDN/GJ,4.94,9/28/2018 10:37:40 AM
74570,1/1/2003 12:00:00 AM,NatGas,$CDN/GJ,5.88,9/28/2018 10:37:40 AM
74571,2/1/2003 12:00:00 AM,NatGas,$CDN/GJ,6.83,9/28/2018 10:37:40 AM
74572,3/1/2003 12:00:00 AM,NatGas,$CDN/GJ,8.94,9/28/2018 10:37:40 AM
74573,4/1/2003 12:00:00 AM,NatGas,$CDN/GJ,5.88,9/28/2018 10:37:40 AM
74574,5/1/2003 12:00:00 AM,NatGas,$CDN/GJ,5.73,9/28/2018 10:37:40 AM
74575,6/1/2003 12:00:00 AM,NatGas,$CDN/GJ,5.93,9/28/2018 10:37:40 AM
74576,7/1/2003 12:00:00 AM,NatGas,$CDN/GJ,5.58,9/28/2018 10:37:40 AM
74577,8/1/2003 12:00:00 AM,NatGas,$CDN/GJ,5.08,9/28/2018 10:37:40 AM
74578,9/1/2003 12:00:00 AM,NatGas,$CDN/GJ,5.19,9/28/2018 10:37:40 AM
74579,10/1/2003 12:00:00 AM,NatGas,$CDN/GJ,4.92,9/28/2018 10:37:40 AM
74580,11/1/2003 12:00:00 AM,NatGas,$CDN/GJ,4.6,9/28/2018 10:37:40 AM
74581,12/1/2003 12:00:00 AM,NatGas,$CDN/GJ,5.11,9/28/2018 10:37:40 AM
74582,1/1/2004 12:00:00 AM,NatGas,$CDN/GJ,6.1,9/28/2018 10:37:40 AM
74583,2/1/2004 12:00:00 AM,NatGas,$CDN/GJ,5.83,9/28/2018 10:37:40 AM
74584,3/1/2004 12:00:00 AM,NatGas,$CDN/GJ,5.49,9/28/2018 10:37:40 AM
74585,4/1/2004 12:00:00 AM,NatGas,$CDN/GJ,5.64,9/28/2018 10:37:40 AM
74586,5/1/2004 12:00:00 AM,NatGas,$CDN/GJ,6.28,9/28/2018 10:37:40 AM
74587,6/1/2004 12:00:00 AM,NatGas,$CDN/GJ,6.47,9/28/2018 10:37:40 AM
74588,7/1/2004 12:00:00 AM,NatGas,$CDN/GJ,6.17,9/28/2018 10:37:40 AM
74589,8/1/2004 12:00:00 AM,NatGas,$CDN/GJ,5.99,9/28/2018 10:37:40 AM
74590,9/1/2004 12:00:00 AM,NatGas,$CDN/GJ,5.21,9/28/2018 10:37:40 AM
74591,10/1/2004 12:00:00 AM,NatGas,$CDN/GJ,5.29,9/28/2018 10:37:40 AM
74592,11/1/2004 12:00:00 AM,NatGas,$CDN/GJ,6.58,9/28/2018 10:37:40 AM
74593,12/1/2004 12:00:00 AM,NatGas,$CDN/GJ,6.7,9/28/2018 10:37:40 AM
74594,1/1/2005 12:00:00 AM,NatGas,$CDN/GJ,6.02,9/28/2018 10:37:40 AM
74595,2/1/2005 12:00:00 AM,NatGas,$CDN/GJ,5.94,9/28/2018 10:37:40 AM
74596,3/1/2005 12:00:00 AM,NatGas,$CDN/GJ,6.3,9/28/2018 10:37:40 AM
74597,4/1/2005 12:00:00 AM,NatGas,$CDN/GJ,6.79,9/28/2018 10:37:40 AM
74598,5/1/2005 12:00:00 AM,NatGas,$CDN/GJ,6.51,9/28/2018 10:37:40 AM
74599,6/1/2005 12:00:00 AM,NatGas,$CDN/GJ,6.34,9/28/2018 10:37:40 AM
74600,7/1/2005 12:00:00 AM,NatGas,$CDN/GJ,6.87,9/28/2018 10:37:40 AM
74601,8/1/2005 12:00:00 AM,NatGas,$CDN/GJ,7.45,9/28/2018 10:37:40 AM
74602,9/1/2005 12:00:00 AM,NatGas,$CDN/GJ,9.46,9/28/2018 10:37:40 AM
74603,10/1/2005 12:00:00 AM,NatGas,$CDN/GJ,11.38,9/28/2018 10:37:40 AM
74604,11/1/2005 12:00:00 AM,NatGas,$CDN/GJ,10.81,9/28/2018 10:37:40 AM
74605,12/1/2005 12:00:00 AM,NatGas,$CDN/GJ,10.54,9/28/2018 10:37:40 AM
74606,1/1/2006 12:00:00 AM,NatGas,$CDN/GJ,9.52,9/28/2018 10:37:40 AM
74607,2/1/2006 12:00:00 AM,NatGas,$CDN/GJ,7.38,9/28/2018 10:37:40 AM
74608,3/1/2006 12:00:00 AM,NatGas,$CDN/GJ,6.47,9/28/2018 10:37:40 AM
74609,4/1/2006 12:00:00 AM,NatGas,$CDN/GJ,6.18,9/28/2018 10:37:40 AM
74610,5/1/2006 12:00:00 AM,NatGas,$CDN/GJ,5.71,9/28/2018 10:37:40 AM
74611,6/1/2006 12:00:00 AM,NatGas,$CDN/GJ,5.29,9/28/2018 10:37:40 AM
74612,7/1/2006 12:00:00 AM,NatGas,$CDN/GJ,5.22,9/28/2018 10:37:40 AM
74613,8/1/2006 12:00:00 AM,NatGas,$CDN/GJ,5.84,9/28/2018 10:37:40 AM
74614,9/1/2006 12:00:00 AM,NatGas,$CDN/GJ,5.12,9/28/2018 10:37:40 AM
74615,10/1/2006 12:00:00 AM,NatGas,$CDN/GJ,4.4,9/28/2018 10:37:40 AM
74616,11/1/2006 12:00:00 AM,NatGas,$CDN/GJ,6.51,9/28/2018 10:37:40 AM
74617,12/1/2006 12:00:00 AM,NatGas,$CDN/GJ,7.05,9/28/2018 10:37:40 AM
74618,1/1/2007 12:00:00 AM,NatGas,$CDN/GJ,6.27,9/28/2018 10:37:40 AM
74619,2/1/2007 12:00:00 AM,NatGas,$CDN/GJ,6.82,9/28/2018 10:37:40 AM
74620,3/1/2007 12:00:00 AM,NatGas,$CDN/GJ,6.92,9/28/2018 10:37:40 AM
74621,4/1/2007 12:00:00 AM,NatGas,$CDN/GJ,6.74,9/28/2018 10:37:40 AM
74622,5/1/2007 12:00:00 AM,NatGas,$CDN/GJ,6.61,9/28/2018 10:37:40 AM
74623,6/1/2007 12:00:00 AM,NatGas,$CDN/GJ,6.21,9/28/2018 10:37:40 AM
74624,7/1/2007 12:00:00 AM,NatGas,$CDN/GJ,5.43,9/28/2018 10:37:40 AM
74625,8/1/2007 12:00:00 AM,NatGas,$CDN/GJ,4.81,9/28/2018 10:37:40 AM
74626,9/1/2007 12:00:00 AM,NatGas,$CDN/GJ,4.42,9/28/2018 10:37:40 AM
74627,10/1/2007 12:00:00 AM,NatGas,$CDN/GJ,6.96,9/28/2018 10:37:40 AM
74628,11/1/2007 12:00:00 AM,NatGas,$CDN/GJ,5.54,9/28/2018 10:37:40 AM
74629,12/1/2007 12:00:00 AM,NatGas,$CDN/GJ,5.85,9/28/2018 10:37:40 AM
74630,1/1/2008 12:00:00 AM,NatGas,$CDN/GJ,6.19,9/28/2018 10:37:40 AM
74631,2/1/2008 12:00:00 AM,NatGas,$CDN/GJ,6.72,9/28/2018 10:37:40 AM
74632,3/1/2008 12:00:00 AM,NatGas,$CDN/GJ,7.52,9/28/2018 10:37:40 AM
74633,4/1/2008 12:00:00 AM,NatGas,$CDN/GJ,8.11,9/28/2018 10:37:40 AM
74634,5/1/2008 12:00:00 AM,NatGas,$CDN/GJ,8.92,9/28/2018 10:37:40 AM
74635,6/1/2008 12:00:00 AM,NatGas,$CDN/GJ,9.87,9/28/2018 10:37:40 AM
74636,7/1/2008 12:00:00 AM,NatGas,$CDN/GJ,9.84,9/28/2018 10:37:40 AM
74637,8/1/2008 12:00:00 AM,NatGas,$CDN/GJ,7.35,9/28/2018 10:37:40 AM
74638,9/1/2008 12:00:00 AM,NatGas,$CDN/GJ,6.28,9/28/2018 10:37:40 AM
74639,10/1/2008 12:00:00 AM,NatGas,$CDN/GJ,6.27,9/28/2018 10:37:40 AM
74640,11/1/2008 12:00:00 AM,NatGas,$CDN/GJ,6.25,9/28/2018 10:37:40 AM
74641,12/1/2008 12:00:00 AM,NatGas,$CDN/GJ,6.36,9/28/2018 10:37:40 AM
74642,1/1/2009 12:00:00 AM,NatGas,$CDN/GJ,5.77,9/28/2018 10:37:40 AM
74643,2/1/2009 12:00:00 AM,NatGas,$CDN/GJ,4.66,9/28/2018 10:37:40 AM
74644,3/1/2009 12:00:00 AM,NatGas,$CDN/GJ,4.01,9/28/2018 10:37:40 AM
74645,4/1/2009 12:00:00 AM,NatGas,$CDN/GJ,3.41,9/28/2018 10:37:40 AM
74646,5/1/2009 12:00:00 AM,NatGas,$CDN/GJ,3.13,9/28/2018 10:37:40 AM
74647,6/1/2009 12:00:00 AM,NatGas,$CDN/GJ,2.97,9/28/2018 10:37:40 AM
74648,7/1/2009 12:00:00 AM,NatGas,$CDN/GJ,2.94,9/28/2018 10:37:40 AM
74649,8/1/2009 12:00:00 AM,NatGas,$CDN/GJ,2.72,9/28/2018 10:37:40 AM
74650,9/1/2009 12:00:00 AM,NatGas,$CDN/GJ,2.48,9/28/2018 10:37:40 AM
74651,10/1/2009 12:00:00 AM,NatGas,$CDN/GJ,3.4,9/28/2018 10:37:40 AM
74652,11/1/2009 12:00:00 AM,NatGas,$CDN/GJ,3.77,9/28/2018 10:37:40 AM
74653,12/1/2009 12:00:00 AM,NatGas,$CDN/GJ,4.51,9/28/2018 10:37:40 AM
74654,1/1/2010 12:00:00 AM,NatGas,$CDN/GJ,4.88,9/28/2018 10:37:40 AM
74655,2/1/2010 12:00:00 AM,NatGas,$CDN/GJ,4.68,9/28/2018 10:37:40 AM
74656,3/1/2010 12:00:00 AM,NatGas,$CDN/GJ,4.05,9/28/2018 10:37:40 AM
74657,4/1/2010 12:00:00 AM,NatGas,$CDN/GJ,3.26,9/28/2018 10:37:40 AM
74658,5/1/2010 12:00:00 AM,NatGas,$CDN/GJ,3.37,9/28/2018 10:37:40 AM
74659,6/1/2010 12:00:00 AM,NatGas,$CDN/GJ,3.49,9/28/2018 10:37:40 AM
74660,7/1/2010 12:00:00 AM,NatGas,$CDN/GJ,3.42,9/28/2018 10:37:40 AM
74661,8/1/2010 12:00:00 AM,NatGas,$CDN/GJ,3.25,9/28/2018 10:37:40 AM
74662,9/1/2010 12:00:00 AM,NatGas,$CDN/GJ,3.14,9/28/2018 10:37:40 AM
74663,10/1/2010 12:00:00 AM,NatGas,$CDN/GJ,2.92,9/28/2018 10:37:40 AM
74664,11/1/2010 12:00:00 AM,NatGas,$CDN/GJ,3.04,9/28/2018 10:37:40 AM
74665,12/1/2010 12:00:00 AM,NatGas,$CDN/GJ,3.34,9/28/2018 10:37:40 AM
74666,1/1/2011 12:00:00 AM,NatGas,$CDN/GJ,3.49,9/28/2018 10:37:40 AM
74667,2/1/2011 12:00:00 AM,NatGas,$CDN/GJ,3.4,9/28/2018 10:37:40 AM
74668,3/1/2011 12:00:00 AM,NatGas,$CDN/GJ,3.19,9/28/2018 10:37:40 AM
74669,4/1/2011 12:00:00 AM,NatGas,$CDN/GJ,3.3,9/28/2018 10:37:40 AM
74670,5/1/2011 12:00:00 AM,NatGas,$CDN/GJ,3.39,9/28/2018 10:37:40 AM
74671,6/1/2011 12:00:00 AM,NatGas,$CDN/GJ,3.51,9/28/2018 10:37:40 AM
74672,7/1/2011 12:00:00 AM,NatGas,$CDN/GJ,3.42,9/28/2018 10:37:40 AM
74673,8/1/2011 12:00:00 AM,NatGas,$CDN/GJ,3.32,9/28/2018 10:37:40 AM
74674,9/1/2011 12:00:00 AM,NatGas,$CDN/GJ,3.24,9/28/2018 10:37:40 AM
74675,10/1/2011 12:00:00 AM,NatGas,$CDN/GJ,3.17,9/28/2018 10:37:40 AM
74676,11/1/2011 12:00:00 AM,NatGas,$CDN/GJ,2.99,9/28/2018 10:37:40 AM
74677,12/1/2011 12:00:00 AM,NatGas,$CDN/GJ,2.92,9/28/2018 10:37:40 AM
74678,1/1/2012 12:00:00 AM,NatGas,$CDN/GJ,2.56,9/28/2018 10:37:40 AM
74679,2/1/2012 12:00:00 AM,NatGas,$CDN/GJ,2.13,9/28/2018 10:37:40 AM
74680,3/1/2012 12:00:00 AM,NatGas,$CDN/GJ,1.83,9/28/2018 10:37:40 AM
74681,4/1/2012 12:00:00 AM,NatGas,$CDN/GJ,1.63,9/28/2018 10:37:40 AM
74682,5/1/2012 12:00:00 AM,NatGas,$CDN/GJ,1.58,9/28/2018 10:37:40 AM
74683,6/1/2012 12:00:00 AM,NatGas,$CDN/GJ,1.75,9/28/2018 10:37:40 AM
74684,7/1/2012 12:00:00 AM,NatGas,$CDN/GJ,1.92,9/28/2018 10:37:40 AM
74685,8/1/2012 12:00:00 AM,NatGas,$CDN/GJ,2.05,9/28/2018 10:37:40 AM
74686,9/1/2012 12:00:00 AM,NatGas,$CDN/GJ,1.94,9/28/2018 10:37:40 AM
74687,10/1/2012 12:00:00 AM,NatGas,$CDN/GJ,2.36,9/28/2018 10:37:40 AM
74688,11/1/2012 12:00:00 AM,NatGas,$CDN/GJ,2.9,9/28/2018 10:37:40 AM
74689,12/1/2012 12:00:00 AM,NatGas,$CDN/GJ,2.98,9/28/2018 10:37:40 AM
74690,1/1/2013 12:00:00 AM,NatGas,$CDN/GJ,2.76,9/28/2018 10:37:40 AM
74691,2/1/2013 12:00:00 AM,NatGas,$CDN/GJ,2.69,9/28/2018 10:37:40 AM
74692,3/1/2013 12:00:00 AM,NatGas,$CDN/GJ,2.85,9/28/2018 10:37:40 AM
74693,4/1/2013 12:00:00 AM,NatGas,$CDN/GJ,3.14,9/28/2018 10:37:40 AM
74694,5/1/2013 12:00:00 AM,NatGas,$CDN/GJ,3.24,9/28/2018 10:37:40 AM
74695,6/1/2013 12:00:00 AM,NatGas,$CDN/GJ,3.17,9/28/2018 10:37:40 AM
74696,7/1/2013 12:00:00 AM,NatGas,$CDN/GJ,2.78,9/28/2018 10:37:40 AM
74697,8/1/2013 12:00:00 AM,NatGas,$CDN/GJ,2.37,9/28/2018 10:37:40 AM
74698,9/1/2013 12:00:00 AM,NatGas,$CDN/GJ,2.14,9/28/2018 10:37:40 AM
74699,10/1/2013 12:00:00 AM,NatGas,$CDN/GJ,2.49,9/28/2018 10:37:40 AM
74700,11/1/2013 12:00:00 AM,NatGas,$CDN/GJ,3.06,9/28/2018 10:37:40 AM
74701,12/1/2013 12:00:00 AM,NatGas,$CDN/GJ,3.22,9/28/2018 10:37:40 AM
74702,1/1/2014 12:00:00 AM,NatGas,$CDN/GJ,3.61,9/28/2018 10:37:40 AM
74703,2/1/2014 12:00:00 AM,NatGas,$CDN/GJ,5.2,9/28/2018 10:37:40 AM
74704,3/1/2014 12:00:00 AM,NatGas,$CDN/GJ,4.9,9/28/2018 10:37:40 AM
74705,4/1/2014 12:00:00 AM,NatGas,$CDN/GJ,4.21,9/28/2018 10:37:40 AM
74706,5/1/2014 12:00:00 AM,NatGas,$CDN/GJ,4.21,9/28/2018 10:37:40 AM
74707,6/1/2014 12:00:00 AM,NatGas,$CDN/GJ,4.17,9/28/2018 10:37:40 AM
74708,7/1/2014 12:00:00 AM,NatGas,$CDN/GJ,3.98,9/28/2018 10:37:40 AM
74709,8/1/2014 12:00:00 AM,NatGas,$CDN/GJ,3.63,9/28/2018 10:37:40 AM
74710,9/1/2014 12:00:00 AM,NatGas,$CDN/GJ,3.64,9/28/2018 10:37:40 AM
74711,10/1/2014 12:00:00 AM,NatGas,$CDN/GJ,3.57,9/28/2018 10:37:40 AM
74712,11/1/2014 12:00:00 AM,NatGas,$CDN/GJ,3.47,9/28/2018 10:37:40 AM
74713,12/1/2014 12:00:00 AM,NatGas,$CDN/GJ,3.39,9/28/2018 10:37:40 AM
74714,1/1/2015 12:00:00 AM,NatGas,$CDN/GJ,2.83,9/28/2018 10:37:40 AM
74715,2/1/2015 12:00:00 AM,NatGas,$CDN/GJ,2.51,9/28/2018 10:37:40 AM
74716,3/1/2015 12:00:00 AM,NatGas,$CDN/GJ,2.53,9/28/2018 10:37:40 AM
74717,4/1/2015 12:00:00 AM,NatGas,$CDN/GJ,2.3,9/28/2018 10:37:40 AM
74718,5/1/2015 12:00:00 AM,NatGas,$CDN/GJ,2.33,9/28/2018 10:37:40 AM
74719,6/1/2015 12:00:00 AM,NatGas,$CDN/GJ,2.36,9/28/2018 10:37:40 AM
74720,7/1/2015 12:00:00 AM,NatGas,$CDN/GJ,2.38,9/28/2018 10:37:40 AM
74721,8/1/2015 12:00:00 AM,NatGas,$CDN/GJ,2.56,9/28/2018 10:37:40 AM
74722,9/1/2015 12:00:00 AM,NatGas,$CDN/GJ,2.55,9/28/2018 10:37:40 AM
74723,10/1/2015 12:00:00 AM,NatGas,$CDN/GJ,2.4,9/28/2018 10:37:40 AM
74724,11/1/2015 12:00:00 AM,NatGas,$CDN/GJ,2.21,9/28/2018 10:37:40 AM
74725,12/1/2015 12:00:00 AM,NatGas,$CDN/GJ,2.12,9/28/2018 10:37:40 AM
74726,1/1/2016 12:00:00 AM,NatGas,$CDN/GJ,2.11,9/28/2018 10:37:40 AM
74727,2/1/2016 12:00:00 AM,NatGas,$CDN/GJ,1.82,9/28/2018 10:37:40 AM
74728,3/1/2016 12:00:00 AM,NatGas,$CDN/GJ,1.36,9/28/2018 10:37:40 AM
74729,4/1/2016 12:00:00 AM,NatGas,$CDN/GJ,1.11,9/28/2018 10:37:40 AM
74730,5/1/2016 12:00:00 AM,NatGas,$CDN/GJ,0.94,9/28/2018 10:37:40 AM
74731,6/1/2016 12:00:00 AM,NatGas,$CDN/GJ,1.23,9/28/2018 10:37:40 AM
74732,7/1/2016 12:00:00 AM,NatGas,$CDN/GJ,1.82,9/28/2018 10:37:40 AM
74733,8/1/2016 12:00:00 AM,NatGas,$CDN/GJ,1.82,9/28/2018 10:37:40 AM
74734,9/1/2016 12:00:00 AM,NatGas,$CDN/GJ,2.12,9/28/2018 10:37:40 AM
74735,10/1/2016 12:00:00 AM,NatGas,$CDN/GJ,2.41,9/28/2018 10:37:40 AM
74736,11/1/2016 12:00:00 AM,NatGas,$CDN/GJ,2.48,9/28/2018 10:37:40 AM
74737,12/1/2016 12:00:00 AM,NatGas,$CDN/GJ,2.75,9/28/2018 10:37:40 AM
74738,1/1/2017 12:00:00 AM,NatGas,$CDN/GJ,2.86,9/28/2018 10:37:40 AM
74739,2/1/2017 12:00:00 AM,NatGas,$CDN/GJ,2.39,9/28/2018 10:37:40 AM
74740,3/1/2017 12:00:00 AM,NatGas,$CDN/GJ,2.2,9/28/2018 10:37:40 AM
74741,4/1/2017 12:00:00 AM,NatGas,$CDN/GJ,2.34,9/28/2018 10:37:40 AM
74742,5/1/2017 12:00:00 AM,NatGas,$CDN/GJ,2.46,9/28/2018 10:37:40 AM
74743,6/1/2017 12:00:00 AM,NatGas,$CDN/GJ,2.39,9/28/2018 10:37:40 AM
74744,7/1/2017 12:00:00 AM,NatGas,$CDN/GJ,1.83,9/28/2018 10:37:40 AM
74745,8/1/2017 12:00:00 AM,NatGas,$CDN/GJ,1.72,9/28/2018 10:37:40 AM
74746,9/1/2017 12:00:00 AM,NatGas,$CDN/GJ,1.2,9/28/2018 10:37:40 AM
74747,10/1/2017 12:00:00 AM,NatGas,$CDN/GJ,1.11,9/28/2018 10:37:40 AM
74748,11/1/2017 12:00:00 AM,NatGas,$CDN/GJ,1.92,9/28/2018 10:37:40 AM
74749,12/1/2017 12:00:00 AM,NatGas,$CDN/GJ,1.82,9/28/2018 10:37:40 AM
74750,1/1/2018 12:00:00 AM,NatGas,$CDN/GJ,1.74,9/28/2018 10:37:40 AM
74751,2/1/2018 12:00:00 AM,NatGas,$CDN/GJ,1.76,9/28/2018 10:37:40 AM
74752,3/1/2018 12:00:00 AM,NatGas,$CDN/GJ,1.54,9/28/2018 10:37:40 AM
74753,4/1/2018 12:00:00 AM,NatGas,$CDN/GJ,1.26,9/28/2018 10:37:40 AM
74754,5/1/2018 12:00:00 AM,NatGas,$CDN/GJ,0.78,9/28/2018 10:37:40 AM
74755,6/1/2018 12:00:00 AM,NatGas,$CDN/GJ,0.75,9/28/2018 10:37:40 AM
74756,7/1/2018 12:00:00 AM,NatGas,$CDN/GJ,1.14,9/28/2018 10:37:40 AM
74757,1/1/2009 12:00:00 AM,WCS,$US/bbl,29.97,9/28/2018 10:37:40 AM
74758,2/1/2009 12:00:00 AM,WCS,$US/bbl,31.71,9/28/2018 10:37:40 AM
74759,3/1/2009 12:00:00 AM,WCS,$US/bbl,40.76,9/28/2018 10:37:40 AM
74760,4/1/2009 12:00:00 AM,WCS,$US/bbl,43.76,9/28/2018 10:37:40 AM
74761,5/1/2009 12:00:00 AM,WCS,$US/bbl,51.64,9/28/2018 10:37:40 AM
74762,6/1/2009 12:00:00 AM,WCS,$US/bbl,61.18,9/28/2018 10:37:40 AM
74763,7/1/2009 12:00:00 AM,WCS,$US/bbl,54.45,9/28/2018 10:37:40 AM
74764,8/1/2009 12:00:00 AM,WCS,$US/bbl,60.57,9/28/2018 10:37:40 AM
74765,9/1/2009 12:00:00 AM,WCS,$US/bbl,59.52,9/28/2018 10:37:40 AM
74766,10/1/2009 12:00:00 AM,WCS,$US/bbl,65.29,9/28/2018 10:37:40 AM
74767,11/1/2009 12:00:00 AM,WCS,$US/bbl,65.04,9/28/2018 10:37:40 AM
74768,12/1/2009 12:00:00 AM,WCS,$US/bbl,61.89,9/28/2018 10:37:40 AM
74769,1/1/2010 12:00:00 AM,WCS,$US/bbl,69.28,9/28/2018 10:37:40 AM
74770,2/1/2010 12:00:00 AM,WCS,$US/bbl,67.91,9/28/2018 10:37:40 AM
74771,3/1/2010 12:00:00 AM,WCS,$US/bbl,71.82,9/28/2018 10:37:40 AM
74772,4/1/2010 12:00:00 AM,WCS,$US/bbl,72.02,9/28/2018 10:37:40 AM
74773,5/1/2010 12:00:00 AM,WCS,$US/bbl,57.49,9/28/2018 10:37:40 AM
74774,6/1/2010 12:00:00 AM,WCS,$US/bbl,62.33,9/28/2018 10:37:40 AM
74775,7/1/2010 12:00:00 AM,WCS,$US/bbl,64.28,9/28/2018 10:37:40 AM
74776,8/1/2010 12:00:00 AM,WCS,$US/bbl,61.93,9/28/2018 10:37:40 AM
74777,9/1/2010 12:00:00 AM,WCS,$US/bbl,55.44,9/28/2018 10:37:40 AM
74778,10/1/2010 12:00:00 AM,WCS,$US/bbl,56.72,9/28/2018 10:37:40 AM
74779,11/1/2010 12:00:00 AM,WCS,$US/bbl,69.56,9/28/2018 10:37:40 AM
74780,12/1/2010 12:00:00 AM,WCS,$US/bbl,74.89,9/28/2018 10:37:40 AM
74781,1/1/2011 12:00:00 AM,WCS,$US/bbl,71.18,9/28/2018 10:37:40 AM
74782,2/1/2011 12:00:00 AM,WCS,$US/bbl,63.42,9/28/2018 10:37:40 AM
74783,3/1/2011 12:00:00 AM,WCS,$US/bbl,79.13,9/28/2018 10:37:40 AM
74784,4/1/2011 12:00:00 AM,WCS,$US/bbl,89.69,9/28/2018 10:37:40 AM
74785,5/1/2011 12:00:00 AM,WCS,$US/bbl,85.66,9/28/2018 10:37:40 AM
74786,6/1/2011 12:00:00 AM,WCS,$US/bbl,79.42,9/28/2018 10:37:40 AM
74787,7/1/2011 12:00:00 AM,WCS,$US/bbl,78.31,9/28/2018 10:37:40 AM
74788,8/1/2011 12:00:00 AM,WCS,$US/bbl,66.51,9/28/2018 10:37:40 AM
74789,9/1/2011 12:00:00 AM,WCS,$US/bbl,71.6,9/28/2018 10:37:40 AM
74790,10/1/2011 12:00:00 AM,WCS,$US/bbl,76.54,9/28/2018 10:37:40 AM
74791,11/1/2011 12:00:00 AM,WCS,$US/bbl,87.32,9/28/2018 10:37:40 AM
74792,12/1/2011 12:00:00 AM,WCS,$US/bbl,86.86,9/28/2018 10:37:40 AM
74793,1/1/2012 12:00:00 AM,WCS,$US/bbl,86.47,9/28/2018 10:37:40 AM
74794,2/1/2012 12:00:00 AM,WCS,$US/bbl,83.04,9/28/2018 10:37:40 AM
74795,3/1/2012 12:00:00 AM,WCS,$US/bbl,75.01,9/28/2018 10:37:40 AM
74796,4/1/2012 12:00:00 AM,WCS,$US/bbl,70.4,9/28/2018 10:37:40 AM
74797,5/1/2012 12:00:00 AM,WCS,$US/bbl,75.1,9/28/2018 10:37:40 AM
74798,6/1/2012 12:00:00 AM,WCS,$US/bbl,66.37,9/28/2018 10:37:40 AM
74799,7/1/2012 12:00:00 AM,WCS,$US/bbl,64.28,9/28/2018 10:37:40 AM
74800,8/1/2012 12:00:00 AM,WCS,$US/bbl,69.03,9/28/2018 10:37:40 AM
74801,9/1/2012 12:00:00 AM,WCS,$US/bbl,78.17,9/28/2018 10:37:40 AM
74802,10/1/2012 12:00:00 AM,WCS,$US/bbl,79.88,9/28/2018 10:37:40 AM
74803,11/1/2012 12:00:00 AM,WCS,$US/bbl,72.47,9/28/2018 10:37:40 AM
74804,12/1/2012 12:00:00 AM,WCS,$US/bbl,57.87,9/28/2018 10:37:40 AM
74805,1/1/2013 12:00:00 AM,WCS,$US/bbl,62.11,9/28/2018 10:37:40 AM
74806,2/1/2013 12:00:00 AM,WCS,$US/bbl,58.4,9/28/2018 10:37:40 AM
74807,3/1/2013 12:00:00 AM,WCS,$US/bbl,66.72,9/28/2018 10:37:40 AM
74808,4/1/2013 12:00:00 AM,WCS,$US/bbl,68.87,9/28/2018 10:37:40 AM
74809,5/1/2013 12:00:00 AM,WCS,$US/bbl,80.93,9/28/2018 10:37:40 AM
74810,6/1/2013 12:00:00 AM,WCS,$US/bbl,75.39,9/28/2018 10:37:40 AM
74811,7/1/2013 12:00:00 AM,WCS,$US/bbl,90.5,9/28/2018 10:37:40 AM
74812,8/1/2013 12:00:00 AM,WCS,$US/bbl,90.97,9/28/2018 10:37:40 AM
74813,9/1/2013 12:00:00 AM,WCS,$US/bbl,83.57,9/28/2018 10:37:40 AM
74814,10/1/2013 12:00:00 AM,WCS,$US/bbl,74.21,9/28/2018 10:37:40 AM
74815,11/1/2013 12:00:00 AM,WCS,$US/bbl,62.62,9/28/2018 10:37:40 AM
74816,12/1/2013 12:00:00 AM,WCS,$US/bbl,58.95,9/28/2018 10:37:40 AM
74817,1/1/2014 12:00:00 AM,WCS,$US/bbl,65.69,9/28/2018 10:37:40 AM
74818,2/1/2014 12:00:00 AM,WCS,$US/bbl,81.54,9/28/2018 10:37:40 AM
74819,3/1/2014 12:00:00 AM,WCS,$US/bbl,79.42,9/28/2018 10:37:40 AM
74820,4/1/2014 12:00:00 AM,WCS,$US/bbl,79.56,9/28/2018 10:37:40 AM
74821,5/1/2014 12:00:00 AM,WCS,$US/bbl,82.72,9/28/2018 10:37:40 AM
74822,6/1/2014 12:00:00 AM,WCS,$US/bbl,86.56,9/28/2018 10:37:40 AM
74823,7/1/2014 12:00:00 AM,WCS,$US/bbl,82.73,9/28/2018 10:37:40 AM
74824,8/1/2014 12:00:00 AM,WCS,$US/bbl,73.89,9/28/2018 10:37:40 AM
74825,9/1/2014 12:00:00 AM,WCS,$US/bbl,74.35,9/28/2018 10:37:40 AM
74826,10/1/2014 12:00:00 AM,WCS,$US/bbl,70.6,9/28/2018 10:37:40 AM
74827,11/1/2014 12:00:00 AM,WCS,$US/bbl,62.87,9/28/2018 10:37:40 AM
74828,12/1/2014 12:00:00 AM,WCS,$US/bbl,43.24,9/28/2018 10:37:40 AM
74829,1/1/2015 12:00:00 AM,WCS,$US/bbl,30.43,9/28/2018 10:37:40 AM
74830,2/1/2015 12:00:00 AM,WCS,$US/bbl,36.52,9/28/2018 10:37:40 AM
74831,3/1/2015 12:00:00 AM,WCS,$US/bbl,34.76,9/28/2018 10:37:40 AM
74832,4/1/2015 12:00:00 AM,WCS,$US/bbl,40.26,9/28/2018 10:37:40 AM
74833,5/1/2015 12:00:00 AM,WCS,$US/bbl,47.5,9/28/2018 10:37:40 AM
74834,6/1/2015 12:00:00 AM,WCS,$US/bbl,51.29,9/28/2018 10:37:40 AM
74835,7/1/2015 12:00:00 AM,WCS,$US/bbl,43.49,9/28/2018 10:37:40 AM
74836,8/1/2015 12:00:00 AM,WCS,$US/bbl,29.48,9/28/2018 10:37:40 AM
74837,9/1/2015 12:00:00 AM,WCS,$US/bbl,26.5,9/28/2018 10:37:40 AM
74838,10/1/2015 12:00:00 AM,WCS,$US/bbl,32.78,9/28/2018 10:37:40 AM
74839,11/1/2015 12:00:00 AM,WCS,$US/bbl,27.78,9/28/2018 10:37:40 AM
74840,12/1/2015 12:00:00 AM,WCS,$US/bbl,22.51,9/28/2018 10:37:40 AM
74841,1/1/2016 12:00:00 AM,WCS,$US/bbl,17.88,9/28/2018 10:37:40 AM
74842,2/1/2016 12:00:00 AM,WCS,$US/bbl,16.3,9/28/2018 10:37:40 AM
74843,3/1/2016 12:00:00 AM,WCS,$US/bbl,23.46,9/28/2018 10:37:40 AM
74844,4/1/2016 12:00:00 AM,WCS,$US/bbl,27.88,9/28/2018 10:37:40 AM
74845,5/1/2016 12:00:00 AM,WCS,$US/bbl,32.52,9/28/2018 10:37:40 AM
74846,6/1/2016 12:00:00 AM,WCS,$US/bbl,36.47,9/28/2018 10:37:40 AM
74847,7/1/2016 12:00:00 AM,WCS,$US/bbl,32.8,9/28/2018 10:37:40 AM
74848,8/1/2016 12:00:00 AM,WCS,$US/bbl,30.9,9/28/2018 10:37:40 AM
74849,9/1/2016 12:00:00 AM,WCS,$US/bbl,30.62,9/28/2018 10:37:40 AM
74850,10/1/2016 12:00:00 AM,WCS,$US/bbl,35.83,9/28/2018 10:37:40 AM
74851,11/1/2016 12:00:00 AM,WCS,$US/bbl,31.89,9/28/2018 10:37:40 AM
74852,12/1/2016 12:00:00 AM,WCS,$US/bbl,37.18,9/28/2018 10:37:40 AM
74853,1/1/2017 12:00:00 AM,WCS,$US/bbl,37.19,9/28/2018 10:37:40 AM
74854,2/1/2017 12:00:00 AM,WCS,$US/bbl,39.14,9/28/2018 10:37:40 AM
74855,3/1/2017 12:00:00 AM,WCS,$US/bbl,35.68,9/28/2018 10:37:40 AM
74856,4/1/2017 12:00:00 AM,WCS,$US/bbl,36.84,9/28/2018 10:37:40 AM
74857,5/1/2017 12:00:00 AM,WCS,$US/bbl,38.84,9/28/2018 10:37:40 AM
74858,6/1/2017 12:00:00 AM,WCS,$US/bbl,35.8,9/28/2018 10:37:40 AM
74859,7/1/2017 12:00:00 AM,WCS,$US/bbl,36.37,9/28/2018 10:37:40 AM
74860,8/1/2017 12:00:00 AM,WCS,$US/bbl,38.5,9/28/2018 10:37:40 AM
74861,9/1/2017 12:00:00 AM,WCS,$US/bbl,39.93,9/28/2018 10:37:40 AM
74862,10/1/2017 12:00:00 AM,WCS,$US/bbl,39.87,9/28/2018 10:37:40 AM
74863,11/1/2017 12:00:00 AM,WCS,$US/bbl,45.52,9/28/2018 10:37:40 AM
74864,12/1/2017 12:00:00 AM,WCS,$US/bbl,44.02,9/28/2018 10:37:40 AM
74865,1/1/2018 12:00:00 AM,WCS,$US/bbl,42.53,9/28/2018 10:37:40 AM
74866,2/1/2018 12:00:00 AM,WCS,$US/bbl,37.72,9/28/2018 10:37:40 AM
74867,3/1/2018 12:00:00 AM,WCS,$US/bbl,35.53,9/28/2018 10:37:40 AM
74868,4/1/2018 12:00:00 AM,WCS,$US/bbl,40.47,9/28/2018 10:37:40 AM
74869,5/1/2018 12:00:00 AM,WCS,$US/bbl,53.25,9/28/2018 10:37:40 AM
74870,6/1/2018 12:00:00 AM,WCS,$US/bbl,52.1,9/28/2018 10:37:40 AM
74871,7/1/2018 12:00:00 AM,WCS,$US/bbl,52.83,9/28/2018 10:37:40 AM
74872,8/1/2018 12:00:00 AM,WCS,$US/bbl,48.55,9/28/2018 10:37:40 AM
74873,4/1/1983 12:00:00 AM,WTI,$US/bbl,30.5,9/28/2018 10:37:40 AM
74874,5/1/1983 12:00:00 AM,WTI,$US/bbl,30.16,9/28/2018 10:37:40 AM
74875,6/1/1983 12:00:00 AM,WTI,$US/bbl,30.96,9/28/2018 10:37:40 AM
74876,7/1/1983 12:00:00 AM,WTI,$US/bbl,31.59,9/28/2018 10:37:40 AM
74877,8/1/1983 12:00:00 AM,WTI,$US/bbl,31.88,9/28/2018 10:37:40 AM
74878,9/1/1983 12:00:00 AM,WTI,$US/bbl,31.24,9/28/2018 10:37:40 AM
74879,10/1/1983 12:00:00 AM,WTI,$US/bbl,30.4,9/28/2018 10:37:40 AM
74880,11/1/1983 12:00:00 AM,WTI,$US/bbl,29.86,9/28/2018 10:37:40 AM
74881,12/1/1983 12:00:00 AM,WTI,$US/bbl,29.24,9/28/2018 10:37:40 AM
74882,1/1/1984 12:00:00 AM,WTI,$US/bbl,29.65,9/28/2018 10:37:40 AM
74883,2/1/1984 12:00:00 AM,WTI,$US/bbl,30.05,9/28/2018 10:37:40 AM
74884,3/1/1984 12:00:00 AM,WTI,$US/bbl,30.72,9/28/2018 10:37:40 AM
74885,4/1/1984 12:00:00 AM,WTI,$US/bbl,30.65,9/28/2018 10:37:40 AM
74886,5/1/1984 12:00:00 AM,WTI,$US/bbl,30.55,9/28/2018 10:37:40 AM
74887,6/1/1984 12:00:00 AM,WTI,$US/bbl,29.98,9/28/2018 10:37:40 AM
74888,7/1/1984 12:00:00 AM,WTI,$US/bbl,28.74,9/28/2018 10:37:40 AM
74889,8/1/1984 12:00:00 AM,WTI,$US/bbl,29.33,9/28/2018 10:37:40 AM
74890,9/1/1984 12:00:00 AM,WTI,$US/bbl,29.38,9/28/2018 10:37:40 AM
74891,10/1/1984 12:00:00 AM,WTI,$US/bbl,28.8,9/28/2018 10:37:40 AM
74892,11/1/1984 12:00:00 AM,WTI,$US/bbl,28.11,9/28/2018 10:37:40 AM
74893,12/1/1984 12:00:00 AM,WTI,$US/bbl,26.91,9/28/2018 10:37:40 AM
74894,1/1/1985 12:00:00 AM,WTI,$US/bbl,25.64,9/28/2018 10:37:40 AM
74895,2/1/1985 12:00:00 AM,WTI,$US/bbl,27.14,9/28/2018 10:37:40 AM
74896,3/1/1985 12:00:00 AM,WTI,$US/bbl,28.12,9/28/2018 10:37:40 AM
74897,4/1/1985 12:00:00 AM,WTI,$US/bbl,28.71,9/28/2018 10:37:40 AM
74898,5/1/1985 12:00:00 AM,WTI,$US/bbl,27.58,9/28/2018 10:37:40 AM
74899,6/1/1985 12:00:00 AM,WTI,$US/bbl,27.09,9/28/2018 10:37:40 AM
74900,7/1/1985 12:00:00 AM,WTI,$US/bbl,27.27,9/28/2018 10:37:40 AM
74901,8/1/1985 12:00:00 AM,WTI,$US/bbl,27.74,9/28/2018 10:37:40 AM
74902,9/1/1985 12:00:00 AM,WTI,$US/bbl,28.22,9/28/2018 10:37:40 AM
74903,10/1/1985 12:00:00 AM,WTI,$US/bbl,29.48,9/28/2018 10:37:40 AM
74904,11/1/1985 12:00:00 AM,WTI,$US/bbl,30.73,9/28/2018 10:37:40 AM
74905,12/1/1985 12:00:00 AM,WTI,$US/bbl,27.15,9/28/2018 10:37:40 AM
74906,1/1/1986 12:00:00 AM,WTI,$US/bbl,22.98,9/28/2018 10:37:40 AM
74907,2/1/1986 12:00:00 AM,WTI,$US/bbl,15.46,9/28/2018 10:37:40 AM
74908,3/1/1986 12:00:00 AM,WTI,$US/bbl,12.62,9/28/2018 10:37:40 AM
74909,4/1/1986 12:00:00 AM,WTI,$US/bbl,12.75,9/28/2018 10:37:41 AM
74910,5/1/1986 12:00:00 AM,WTI,$US/bbl,15.26,9/28/2018 10:37:41 AM
74911,6/1/1986 12:00:00 AM,WTI,$US/bbl,13.38,9/28/2018 10:37:41 AM
74912,7/1/1986 12:00:00 AM,WTI,$US/bbl,11.58,9/28/2018 10:37:41 AM
74913,8/1/1986 12:00:00 AM,WTI,$US/bbl,15.11,9/28/2018 10:37:41 AM
74914,9/1/1986 12:00:00 AM,WTI,$US/bbl,14.94,9/28/2018 10:37:41 AM
74915,10/1/1986 12:00:00 AM,WTI,$US/bbl,14.89,9/28/2018 10:37:41 AM
74916,11/1/1986 12:00:00 AM,WTI,$US/bbl,15.23,9/28/2018 10:37:41 AM
74917,12/1/1986 12:00:00 AM,WTI,$US/bbl,16.09,9/28/2018 10:37:41 AM
74918,1/1/1987 12:00:00 AM,WTI,$US/bbl,18.67,9/28/2018 10:37:41 AM
74919,2/1/1987 12:00:00 AM,WTI,$US/bbl,17.73,9/28/2018 10:37:41 AM
74920,3/1/1987 12:00:00 AM,WTI,$US/bbl,18.28,9/28/2018 10:37:41 AM
74921,4/1/1987 12:00:00 AM,WTI,$US/bbl,18.6,9/28/2018 10:37:41 AM
74922,5/1/1987 12:00:00 AM,WTI,$US/bbl,19.33,9/28/2018 10:37:41 AM
74923,6/1/1987 12:00:00 AM,WTI,$US/bbl,19.99,9/28/2018 10:37:41 AM
74924,7/1/1987 12:00:00 AM,WTI,$US/bbl,21.33,9/28/2018 10:37:41 AM
74925,8/1/1987 12:00:00 AM,WTI,$US/bbl,20.23,9/28/2018 10:37:41 AM
74926,9/1/1987 12:00:00 AM,WTI,$US/bbl,19.52,9/28/2018 10:37:41 AM
74927,10/1/1987 12:00:00 AM,WTI,$US/bbl,19.86,9/28/2018 10:37:41 AM
74928,11/1/1987 12:00:00 AM,WTI,$US/bbl,18.85,9/28/2018 10:37:41 AM
74929,12/1/1987 12:00:00 AM,WTI,$US/bbl,17.26,9/28/2018 10:37:41 AM
74930,1/1/1988 12:00:00 AM,WTI,$US/bbl,17.15,9/28/2018 10:37:41 AM
74931,2/1/1988 12:00:00 AM,WTI,$US/bbl,16.76,9/28/2018 10:37:41 AM
74932,3/1/1988 12:00:00 AM,WTI,$US/bbl,16.21,9/28/2018 10:37:41 AM
74933,4/1/1988 12:00:00 AM,WTI,$US/bbl,17.88,9/28/2018 10:37:41 AM
74934,5/1/1988 12:00:00 AM,WTI,$US/bbl,17.45,9/28/2018 10:37:41 AM
74935,6/1/1988 12:00:00 AM,WTI,$US/bbl,16.56,9/28/2018 10:37:41 AM
74936,7/1/1988 12:00:00 AM,WTI,$US/bbl,15.51,9/28/2018 10:37:41 AM
74937,8/1/1988 12:00:00 AM,WTI,$US/bbl,15.53,9/28/2018 10:37:41 AM
74938,9/1/1988 12:00:00 AM,WTI,$US/bbl,14.46,9/28/2018 10:37:41 AM
74939,10/1/1988 12:00:00 AM,WTI,$US/bbl,13.8,9/28/2018 10:37:41 AM
74940,11/1/1988 12:00:00 AM,WTI,$US/bbl,13.98,9/28/2018 10:37:41 AM
74941,12/1/1988 12:00:00 AM,WTI,$US/bbl,16.28,9/28/2018 10:37:41 AM
74942,1/1/1989 12:00:00 AM,WTI,$US/bbl,17.98,9/28/2018 10:37:41 AM
74943,2/1/1989 12:00:00 AM,WTI,$US/bbl,17.82,9/28/2018 10:37:41 AM
74944,3/1/1989 12:00:00 AM,WTI,$US/bbl,19.44,9/28/2018 10:37:41 AM
74945,4/1/1989 12:00:00 AM,WTI,$US/bbl,20.94,9/28/2018 10:37:41 AM
74946,5/1/1989 12:00:00 AM,WTI,$US/bbl,20.03,9/28/2018 10:37:41 AM
74947,6/1/1989 12:00:00 AM,WTI,$US/bbl,19.99,9/28/2018 10:37:41 AM
74948,7/1/1989 12:00:00 AM,WTI,$US/bbl,19.66,9/28/2018 10:37:41 AM
74949,8/1/1989 12:00:00 AM,WTI,$US/bbl,18.55,9/28/2018 10:37:41 AM
74950,9/1/1989 12:00:00 AM,WTI,$US/bbl,19.59,9/28/2018 10:37:41 AM
74951,10/1/1989 12:00:00 AM,WTI,$US/bbl,20.1,9/28/2018 10:37:41 AM
74952,11/1/1989 12:00:00 AM,WTI,$US/bbl,19.83,9/28/2018 10:37:41 AM
74953,12/1/1989 12:00:00 AM,WTI,$US/bbl,21.09,9/28/2018 10:37:41 AM
74954,1/1/1990 12:00:00 AM,WTI,$US/bbl,22.64,9/28/2018 10:37:41 AM
74955,2/1/1990 12:00:00 AM,WTI,$US/bbl,22.11,9/28/2018 10:37:41 AM
74956,3/1/1990 12:00:00 AM,WTI,$US/bbl,20.41,9/28/2018 10:37:41 AM
74957,4/1/1990 12:00:00 AM,WTI,$US/bbl,18.58,9/28/2018 10:37:41 AM
74958,5/1/1990 12:00:00 AM,WTI,$US/bbl,18.46,9/28/2018 10:37:41 AM
74959,6/1/1990 12:00:00 AM,WTI,$US/bbl,16.86,9/28/2018 10:37:41 AM
74960,7/1/1990 12:00:00 AM,WTI,$US/bbl,18.64,9/28/2018 10:37:41 AM
74961,8/1/1990 12:00:00 AM,WTI,$US/bbl,27.18,9/28/2018 10:37:41 AM
74962,9/1/1990 12:00:00 AM,WTI,$US/bbl,33.69,9/28/2018 10:37:41 AM
74963,10/1/1990 12:00:00 AM,WTI,$US/bbl,35.92,9/28/2018 10:37:41 AM
74964,11/1/1990 12:00:00 AM,WTI,$US/bbl,32.3,9/28/2018 10:37:41 AM
74965,12/1/1990 12:00:00 AM,WTI,$US/bbl,27.16,9/28/2018 10:37:41 AM
74966,1/1/1991 12:00:00 AM,WTI,$US/bbl,24.7,9/28/2018 10:37:41 AM
74967,2/1/1991 12:00:00 AM,WTI,$US/bbl,20.54,9/28/2018 10:37:41 AM
74968,3/1/1991 12:00:00 AM,WTI,$US/bbl,19.88,9/28/2018 10:37:41 AM
74969,4/1/1991 12:00:00 AM,WTI,$US/bbl,20.82,9/28/2018 10:37:41 AM
74970,5/1/1991 12:00:00 AM,WTI,$US/bbl,21.25,9/28/2018 10:37:41 AM
74971,6/1/1991 12:00:00 AM,WTI,$US/bbl,20.2,9/28/2018 10:37:41 AM
74972,7/1/1991 12:00:00 AM,WTI,$US/bbl,21.43,9/28/2018 10:37:41 AM
74973,8/1/1991 12:00:00 AM,WTI,$US/bbl,21.68,9/28/2018 10:37:41 AM
74974,9/1/1991 12:00:00 AM,WTI,$US/bbl,21.86,9/28/2018 10:37:41 AM
74975,10/1/1991 12:00:00 AM,WTI,$US/bbl,23.23,9/28/2018 10:37:41 AM
74976,11/1/1991 12:00:00 AM,WTI,$US/bbl,22.43,9/28/2018 10:37:41 AM
74977,12/1/1991 12:00:00 AM,WTI,$US/bbl,19.53,9/28/2018 10:37:41 AM
74978,1/1/1992 12:00:00 AM,WTI,$US/bbl,18.82,9/28/2018 10:37:41 AM
74979,2/1/1992 12:00:00 AM,WTI,$US/bbl,19.01,9/28/2018 10:37:41 AM
74980,3/1/1992 12:00:00 AM,WTI,$US/bbl,18.95,9/28/2018 10:37:41 AM
74981,4/1/1992 12:00:00 AM,WTI,$US/bbl,20.26,9/28/2018 10:37:41 AM
74982,5/1/1992 12:00:00 AM,WTI,$US/bbl,21,9/28/2018 10:37:41 AM
74983,6/1/1992 12:00:00 AM,WTI,$US/bbl,22.36,9/28/2018 10:37:41 AM
74984,7/1/1992 12:00:00 AM,WTI,$US/bbl,21.74,9/28/2018 10:37:41 AM
74985,8/1/1992 12:00:00 AM,WTI,$US/bbl,21.29,9/28/2018 10:37:41 AM
74986,9/1/1992 12:00:00 AM,WTI,$US/bbl,21.92,9/28/2018 10:37:41 AM
74987,10/1/1992 12:00:00 AM,WTI,$US/bbl,21.71,9/28/2018 10:37:41 AM
74988,11/1/1992 12:00:00 AM,WTI,$US/bbl,20.36,9/28/2018 10:37:41 AM
74989,12/1/1992 12:00:00 AM,WTI,$US/bbl,19.41,9/28/2018 10:37:41 AM
74990,1/1/1993 12:00:00 AM,WTI,$US/bbl,19.07,9/28/2018 10:37:41 AM
74991,2/1/1993 12:00:00 AM,WTI,$US/bbl,20.08,9/28/2018 10:37:41 AM
74992,3/1/1993 12:00:00 AM,WTI,$US/bbl,20.35,9/28/2018 10:37:41 AM
74993,4/1/1993 12:00:00 AM,WTI,$US/bbl,20.33,9/28/2018 10:37:41 AM
74994,5/1/1993 12:00:00 AM,WTI,$US/bbl,19.98,9/28/2018 10:37:41 AM
74995,6/1/1993 12:00:00 AM,WTI,$US/bbl,19.13,9/28/2018 10:37:41 AM
74996,7/1/1993 12:00:00 AM,WTI,$US/bbl,17.9,9/28/2018 10:37:41 AM
74997,8/1/1993 12:00:00 AM,WTI,$US/bbl,18.01,9/28/2018 10:37:41 AM
74998,9/1/1993 12:00:00 AM,WTI,$US/bbl,17.52,9/28/2018 10:37:41 AM
74999,10/1/1993 12:00:00 AM,WTI,$US/bbl,18.17,9/28/2018 10:37:41 AM
75000,11/1/1993 12:00:00 AM,WTI,$US/bbl,16.74,9/28/2018 10:37:41 AM
75001,12/1/1993 12:00:00 AM,WTI,$US/bbl,14.53,9/28/2018 10:37:41 AM
75002,1/1/1994 12:00:00 AM,WTI,$US/bbl,15.02,9/28/2018 10:37:41 AM
75003,2/1/1994 12:00:00 AM,WTI,$US/bbl,14.78,9/28/2018 10:37:41 AM
75004,3/1/1994 12:00:00 AM,WTI,$US/bbl,14.65,9/28/2018 10:37:41 AM
75005,4/1/1994 12:00:00 AM,WTI,$US/bbl,16.33,9/28/2018 10:37:41 AM
75006,5/1/1994 12:00:00 AM,WTI,$US/bbl,17.83,9/28/2018 10:37:41 AM
75007,6/1/1994 12:00:00 AM,WTI,$US/bbl,19.07,9/28/2018 10:37:41 AM
75008,7/1/1994 12:00:00 AM,WTI,$US/bbl,19.66,9/28/2018 10:37:41 AM
75009,8/1/1994 12:00:00 AM,WTI,$US/bbl,18.38,9/28/2018 10:37:41 AM
75010,9/1/1994 12:00:00 AM,WTI,$US/bbl,17.47,9/28/2018 10:37:41 AM
75011,10/1/1994 12:00:00 AM,WTI,$US/bbl,17.71,9/28/2018 10:37:41 AM
75012,11/1/1994 12:00:00 AM,WTI,$US/bbl,18.1,9/28/2018 10:37:41 AM
75013,12/1/1994 12:00:00 AM,WTI,$US/bbl,17.16,9/28/2018 10:37:41 AM
75014,1/1/1995 12:00:00 AM,WTI,$US/bbl,17.99,9/28/2018 10:37:41 AM
75015,2/1/1995 12:00:00 AM,WTI,$US/bbl,18.53,9/28/2018 10:37:41 AM
75016,3/1/1995 12:00:00 AM,WTI,$US/bbl,18.55,9/28/2018 10:37:41 AM
75017,4/1/1995 12:00:00 AM,WTI,$US/bbl,19.89,9/28/2018 10:37:41 AM
75018,5/1/1995 12:00:00 AM,WTI,$US/bbl,19.74,9/28/2018 10:37:41 AM
75019,6/1/1995 12:00:00 AM,WTI,$US/bbl,18.4,9/28/2018 10:37:41 AM
75020,7/1/1995 12:00:00 AM,WTI,$US/bbl,17.26,9/28/2018 10:37:41 AM
75021,8/1/1995 12:00:00 AM,WTI,$US/bbl,17.81,9/28/2018 10:37:41 AM
75022,9/1/1995 12:00:00 AM,WTI,$US/bbl,18.21,9/28/2018 10:37:41 AM
75023,10/1/1995 12:00:00 AM,WTI,$US/bbl,17.4,9/28/2018 10:37:41 AM
75024,11/1/1995 12:00:00 AM,WTI,$US/bbl,18,9/28/2018 10:37:41 AM
75025,12/1/1995 12:00:00 AM,WTI,$US/bbl,19.04,9/28/2018 10:37:41 AM
75026,1/1/1996 12:00:00 AM,WTI,$US/bbl,18.7,9/28/2018 10:37:41 AM
75027,2/1/1996 12:00:00 AM,WTI,$US/bbl,18.78,9/28/2018 10:37:41 AM
75028,3/1/1996 12:00:00 AM,WTI,$US/bbl,21.18,9/28/2018 10:37:41 AM
75029,4/1/1996 12:00:00 AM,WTI,$US/bbl,23.3,9/28/2018 10:37:41 AM
75030,5/1/1996 12:00:00 AM,WTI,$US/bbl,21.09,9/28/2018 10:37:41 AM
75031,6/1/1996 12:00:00 AM,WTI,$US/bbl,20.43,9/28/2018 10:37:41 AM
75032,7/1/1996 12:00:00 AM,WTI,$US/bbl,21.25,9/28/2018 10:37:41 AM
75033,8/1/1996 12:00:00 AM,WTI,$US/bbl,21.91,9/28/2018 10:37:41 AM
75034,9/1/1996 12:00:00 AM,WTI,$US/bbl,23.93,9/28/2018 10:37:41 AM
75035,10/1/1996 12:00:00 AM,WTI,$US/bbl,24.9,9/28/2018 10:37:41 AM
75036,11/1/1996 12:00:00 AM,WTI,$US/bbl,23.55,9/28/2018 10:37:41 AM
75037,12/1/1996 12:00:00 AM,WTI,$US/bbl,25.12,9/28/2018 10:37:41 AM
75038,1/1/1997 12:00:00 AM,WTI,$US/bbl,25.18,9/28/2018 10:37:41 AM
75039,2/1/1997 12:00:00 AM,WTI,$US/bbl,22.17,9/28/2018 10:37:41 AM
75040,3/1/1997 12:00:00 AM,WTI,$US/bbl,20.97,9/28/2018 10:37:41 AM
75041,4/1/1997 12:00:00 AM,WTI,$US/bbl,19.73,9/28/2018 10:37:41 AM
75042,5/1/1997 12:00:00 AM,WTI,$US/bbl,20.87,9/28/2018 10:37:41 AM
75043,6/1/1997 12:00:00 AM,WTI,$US/bbl,19.22,9/28/2018 10:37:41 AM
75044,7/1/1997 12:00:00 AM,WTI,$US/bbl,19.66,9/28/2018 10:37:41 AM
75045,8/1/1997 12:00:00 AM,WTI,$US/bbl,19.95,9/28/2018 10:37:41 AM
75046,9/1/1997 12:00:00 AM,WTI,$US/bbl,19.78,9/28/2018 10:37:41 AM
75047,10/1/1997 12:00:00 AM,WTI,$US/bbl,21.28,9/28/2018 10:37:41 AM
75048,11/1/1997 12:00:00 AM,WTI,$US/bbl,20.22,9/28/2018 10:37:41 AM
75049,12/1/1997 12:00:00 AM,WTI,$US/bbl,18.32,9/28/2018 10:37:41 AM
75050,1/1/1998 12:00:00 AM,WTI,$US/bbl,16.73,9/28/2018 10:37:41 AM
75051,2/1/1998 12:00:00 AM,WTI,$US/bbl,16.08,9/28/2018 10:37:41 AM
75052,3/1/1998 12:00:00 AM,WTI,$US/bbl,15.04,9/28/2018 10:37:41 AM
75053,4/1/1998 12:00:00 AM,WTI,$US/bbl,15.46,9/28/2018 10:37:41 AM
75054,5/1/1998 12:00:00 AM,WTI,$US/bbl,14.93,9/28/2018 10:37:41 AM
75055,6/1/1998 12:00:00 AM,WTI,$US/bbl,13.67,9/28/2018 10:37:41 AM
75056,7/1/1998 12:00:00 AM,WTI,$US/bbl,14.09,9/28/2018 10:37:41 AM
75057,8/1/1998 12:00:00 AM,WTI,$US/bbl,13.38,9/28/2018 10:37:41 AM
75058,9/1/1998 12:00:00 AM,WTI,$US/bbl,14.97,9/28/2018 10:37:41 AM
75059,10/1/1998 12:00:00 AM,WTI,$US/bbl,14.42,9/28/2018 10:37:41 AM
75060,11/1/1998 12:00:00 AM,WTI,$US/bbl,13.04,9/28/2018 10:37:41 AM
75061,12/1/1998 12:00:00 AM,WTI,$US/bbl,11.31,9/28/2018 10:37:41 AM
75062,1/1/1999 12:00:00 AM,WTI,$US/bbl,12.49,9/28/2018 10:37:41 AM
75063,2/1/1999 12:00:00 AM,WTI,$US/bbl,12.02,9/28/2018 10:37:41 AM
75064,3/1/1999 12:00:00 AM,WTI,$US/bbl,14.68,9/28/2018 10:37:41 AM
75065,4/1/1999 12:00:00 AM,WTI,$US/bbl,17.3,9/28/2018 10:37:41 AM
75066,5/1/1999 12:00:00 AM,WTI,$US/bbl,17.77,9/28/2018 10:37:41 AM
75067,6/1/1999 12:00:00 AM,WTI,$US/bbl,17.92,9/28/2018 10:37:41 AM
75068,7/1/1999 12:00:00 AM,WTI,$US/bbl,20.1,9/28/2018 10:37:41 AM
75069,8/1/1999 12:00:00 AM,WTI,$US/bbl,21.28,9/28/2018 10:37:41 AM
75070,9/1/1999 12:00:00 AM,WTI,$US/bbl,23.79,9/28/2018 10:37:41 AM
75071,10/1/1999 12:00:00 AM,WTI,$US/bbl,22.67,9/28/2018 10:37:41 AM
75072,11/1/1999 12:00:00 AM,WTI,$US/bbl,24.77,9/28/2018 10:37:41 AM
75073,12/1/1999 12:00:00 AM,WTI,$US/bbl,26.09,9/28/2018 10:37:41 AM
75074,1/1/2000 12:00:00 AM,WTI,$US/bbl,27.01,9/28/2018 10:37:41 AM
75075,2/1/2000 12:00:00 AM,WTI,$US/bbl,29.3,9/28/2018 10:37:41 AM
75076,3/1/2000 12:00:00 AM,WTI,$US/bbl,29.89,9/28/2018 10:37:41 AM
75077,4/1/2000 12:00:00 AM,WTI,$US/bbl,25.54,9/28/2018 10:37:41 AM
75078,5/1/2000 12:00:00 AM,WTI,$US/bbl,28.81,9/28/2018 10:37:41 AM
75079,6/1/2000 12:00:00 AM,WTI,$US/bbl,31.53,9/28/2018 10:37:41 AM
75080,7/1/2000 12:00:00 AM,WTI,$US/bbl,29.72,9/28/2018 10:37:41 AM
75081,8/1/2000 12:00:00 AM,WTI,$US/bbl,31.14,9/28/2018 10:37:41 AM
75082,9/1/2000 12:00:00 AM,WTI,$US/bbl,33.87,9/28/2018 10:37:41 AM
75083,10/1/2000 12:00:00 AM,WTI,$US/bbl,32.93,9/28/2018 10:37:41 AM
75084,11/1/2000 12:00:00 AM,WTI,$US/bbl,34.26,9/28/2018 10:37:41 AM
75085,12/1/2000 12:00:00 AM,WTI,$US/bbl,28.4,9/28/2018 10:37:41 AM
75086,1/1/2001 12:00:00 AM,WTI,$US/bbl,29.26,9/28/2018 10:37:41 AM
75087,2/1/2001 12:00:00 AM,WTI,$US/bbl,29.64,9/28/2018 10:37:41 AM
75088,3/1/2001 12:00:00 AM,WTI,$US/bbl,27.27,9/28/2018 10:37:41 AM
75089,4/1/2001 12:00:00 AM,WTI,$US/bbl,27.62,9/28/2018 10:37:41 AM
75090,5/1/2001 12:00:00 AM,WTI,$US/bbl,28.68,9/28/2018 10:37:41 AM
75091,6/1/2001 12:00:00 AM,WTI,$US/bbl,27.59,9/28/2018 10:37:41 AM
75092,7/1/2001 12:00:00 AM,WTI,$US/bbl,26.47,9/28/2018 10:37:41 AM
75093,8/1/2001 12:00:00 AM,WTI,$US/bbl,27.31,9/28/2018 10:37:41 AM
75094,9/1/2001 12:00:00 AM,WTI,$US/bbl,25.69,9/28/2018 10:37:41 AM
75095,10/1/2001 12:00:00 AM,WTI,$US/bbl,22.21,9/28/2018 10:37:41 AM
75096,11/1/2001 12:00:00 AM,WTI,$US/bbl,19.67,9/28/2018 10:37:41 AM
75097,12/1/2001 12:00:00 AM,WTI,$US/bbl,19.4,9/28/2018 10:37:41 AM
75098,1/1/2002 12:00:00 AM,WTI,$US/bbl,19.73,9/28/2018 10:37:41 AM
75099,2/1/2002 12:00:00 AM,WTI,$US/bbl,20.76,9/28/2018 10:37:41 AM
75100,3/1/2002 12:00:00 AM,WTI,$US/bbl,24.44,9/28/2018 10:37:41 AM
75101,4/1/2002 12:00:00 AM,WTI,$US/bbl,26.26,9/28/2018 10:37:41 AM
75102,5/1/2002 12:00:00 AM,WTI,$US/bbl,26.95,9/28/2018 10:37:41 AM
75103,6/1/2002 12:00:00 AM,WTI,$US/bbl,25.55,9/28/2018 10:37:41 AM
75104,7/1/2002 12:00:00 AM,WTI,$US/bbl,26.94,9/28/2018 10:37:41 AM
75105,8/1/2002 12:00:00 AM,WTI,$US/bbl,28.2,9/28/2018 10:37:41 AM
75106,9/1/2002 12:00:00 AM,WTI,$US/bbl,29.67,9/28/2018 10:37:41 AM
75107,10/1/2002 12:00:00 AM,WTI,$US/bbl,28.86,9/28/2018 10:37:41 AM
75108,11/1/2002 12:00:00 AM,WTI,$US/bbl,26.19,9/28/2018 10:37:41 AM
75109,12/1/2002 12:00:00 AM,WTI,$US/bbl,29.39,9/28/2018 10:37:41 AM
75110,1/1/2003 12:00:00 AM,WTI,$US/bbl,32.7,9/28/2018 10:37:41 AM
75111,2/1/2003 12:00:00 AM,WTI,$US/bbl,35.73,9/28/2018 10:37:41 AM
75112,3/1/2003 12:00:00 AM,WTI,$US/bbl,33.16,9/28/2018 10:37:41 AM
75113,4/1/2003 12:00:00 AM,WTI,$US/bbl,28.14,9/28/2018 10:37:41 AM
75114,5/1/2003 12:00:00 AM,WTI,$US/bbl,28.07,9/28/2018 10:37:41 AM
75115,6/1/2003 12:00:00 AM,WTI,$US/bbl,30.52,9/28/2018 10:37:41 AM
75116,7/1/2003 12:00:00 AM,WTI,$US/bbl,30.7,9/28/2018 10:37:41 AM
75117,8/1/2003 12:00:00 AM,WTI,$US/bbl,31.6,9/28/2018 10:37:41 AM
75118,9/1/2003 12:00:00 AM,WTI,$US/bbl,28.31,9/28/2018 10:37:41 AM
75119,10/1/2003 12:00:00 AM,WTI,$US/bbl,30.35,9/28/2018 10:37:41 AM
75120,11/1/2003 12:00:00 AM,WTI,$US/bbl,31.06,9/28/2018 10:37:41 AM
75121,12/1/2003 12:00:00 AM,WTI,$US/bbl,32.14,9/28/2018 10:37:41 AM
75122,1/1/2004 12:00:00 AM,WTI,$US/bbl,34.22,9/28/2018 10:37:41 AM
75123,2/1/2004 12:00:00 AM,WTI,$US/bbl,34.5,9/28/2018 10:37:41 AM
75124,3/1/2004 12:00:00 AM,WTI,$US/bbl,36.72,9/28/2018 10:37:41 AM
75125,4/1/2004 12:00:00 AM,WTI,$US/bbl,36.62,9/28/2018 10:37:41 AM
75126,5/1/2004 12:00:00 AM,WTI,$US/bbl,40.28,9/28/2018 10:37:41 AM
75127,6/1/2004 12:00:00 AM,WTI,$US/bbl,38.05,9/28/2018 10:37:41 AM
75128,7/1/2004 12:00:00 AM,WTI,$US/bbl,40.81,9/28/2018 10:37:41 AM
75129,8/1/2004 12:00:00 AM,WTI,$US/bbl,44.88,9/28/2018 10:37:41 AM
75130,9/1/2004 12:00:00 AM,WTI,$US/bbl,45.94,9/28/2018 10:37:41 AM
75131,10/1/2004 12:00:00 AM,WTI,$US/bbl,53.09,9/28/2018 10:37:41 AM
75132,11/1/2004 12:00:00 AM,WTI,$US/bbl,48.48,9/28/2018 10:37:41 AM
75133,12/1/2004 12:00:00 AM,WTI,$US/bbl,43.26,9/28/2018 10:37:41 AM
75134,1/1/2005 12:00:00 AM,WTI,$US/bbl,46.85,9/28/2018 10:37:41 AM
75135,2/1/2005 12:00:00 AM,WTI,$US/bbl,48.05,9/28/2018 10:37:41 AM
75136,3/1/2005 12:00:00 AM,WTI,$US/bbl,54.63,9/28/2018 10:37:41 AM
75137,4/1/2005 12:00:00 AM,WTI,$US/bbl,53.22,9/28/2018 10:37:41 AM
75138,5/1/2005 12:00:00 AM,WTI,$US/bbl,49.87,9/28/2018 10:37:41 AM
75139,6/1/2005 12:00:00 AM,WTI,$US/bbl,56.42,9/28/2018 10:37:41 AM
75140,7/1/2005 12:00:00 AM,WTI,$US/bbl,59.03,9/28/2018 10:37:41 AM
75141,8/1/2005 12:00:00 AM,WTI,$US/bbl,64.99,9/28/2018 10:37:41 AM
75142,9/1/2005 12:00:00 AM,WTI,$US/bbl,65.55,9/28/2018 10:37:41 AM
75143,10/1/2005 12:00:00 AM,WTI,$US/bbl,62.27,9/28/2018 10:37:41 AM
75144,11/1/2005 12:00:00 AM,WTI,$US/bbl,58.34,9/28/2018 10:37:41 AM
75145,12/1/2005 12:00:00 AM,WTI,$US/bbl,59.45,9/28/2018 10:37:41 AM
75146,1/1/2006 12:00:00 AM,WTI,$US/bbl,65.54,9/28/2018 10:37:41 AM
75147,2/1/2006 12:00:00 AM,WTI,$US/bbl,61.93,9/28/2018 10:37:41 AM
75148,3/1/2006 12:00:00 AM,WTI,$US/bbl,62.97,9/28/2018 10:37:41 AM
75149,4/1/2006 12:00:00 AM,WTI,$US/bbl,70.16,9/28/2018 10:37:41 AM
75150,5/1/2006 12:00:00 AM,WTI,$US/bbl,70.96,9/28/2018 10:37:41 AM
75151,6/1/2006 12:00:00 AM,WTI,$US/bbl,70.97,9/28/2018 10:37:41 AM
75152,7/1/2006 12:00:00 AM,WTI,$US/bbl,74.46,9/28/2018 10:37:41 AM
75153,8/1/2006 12:00:00 AM,WTI,$US/bbl,73.08,9/28/2018 10:37:41 AM
75154,9/1/2006 12:00:00 AM,WTI,$US/bbl,63.9,9/28/2018 10:37:41 AM
75155,10/1/2006 12:00:00 AM,WTI,$US/bbl,59.14,9/28/2018 10:37:41 AM
75156,11/1/2006 12:00:00 AM,WTI,$US/bbl,59.4,9/28/2018 10:37:41 AM
75157,12/1/2006 12:00:00 AM,WTI,$US/bbl,62.09,9/28/2018 10:37:41 AM
75158,1/1/2007 12:00:00 AM,WTI,$US/bbl,54.35,9/28/2018 10:37:41 AM
75159,2/1/2007 12:00:00 AM,WTI,$US/bbl,59.39,9/28/2018 10:37:41 AM
75160,3/1/2007 12:00:00 AM,WTI,$US/bbl,60.74,9/28/2018 10:37:41 AM
75161,4/1/2007 12:00:00 AM,WTI,$US/bbl,64.04,9/28/2018 10:37:41 AM
75162,5/1/2007 12:00:00 AM,WTI,$US/bbl,63.53,9/28/2018 10:37:41 AM
75163,6/1/2007 12:00:00 AM,WTI,$US/bbl,67.53,9/28/2018 10:37:41 AM
75164,7/1/2007 12:00:00 AM,WTI,$US/bbl,74.15,9/28/2018 10:37:41 AM
75165,8/1/2007 12:00:00 AM,WTI,$US/bbl,72.36,9/28/2018 10:37:41 AM
75166,9/1/2007 12:00:00 AM,WTI,$US/bbl,79.63,9/28/2018 10:37:41 AM
75167,10/1/2007 12:00:00 AM,WTI,$US/bbl,85.66,9/28/2018 10:37:41 AM
75168,11/1/2007 12:00:00 AM,WTI,$US/bbl,94.63,9/28/2018 10:37:41 AM
75169,12/1/2007 12:00:00 AM,WTI,$US/bbl,91.74,9/28/2018 10:37:41 AM
75170,1/1/2008 12:00:00 AM,WTI,$US/bbl,92.93,9/28/2018 10:37:41 AM
75171,2/1/2008 12:00:00 AM,WTI,$US/bbl,95.35,9/28/2018 10:37:41 AM
75172,3/1/2008 12:00:00 AM,WTI,$US/bbl,105.42,9/28/2018 10:37:41 AM
75173,4/1/2008 12:00:00 AM,WTI,$US/bbl,112.46,9/28/2018 10:37:41 AM
75174,5/1/2008 12:00:00 AM,WTI,$US/bbl,125.46,9/28/2018 10:37:41 AM
75175,6/1/2008 12:00:00 AM,WTI,$US/bbl,134.02,9/28/2018 10:37:41 AM
75176,7/1/2008 12:00:00 AM,WTI,$US/bbl,133.48,9/28/2018 10:37:41 AM
75177,8/1/2008 12:00:00 AM,WTI,$US/bbl,116.69,9/28/2018 10:37:41 AM
75178,9/1/2008 12:00:00 AM,WTI,$US/bbl,103.76,9/28/2018 10:37:41 AM
75179,10/1/2008 12:00:00 AM,WTI,$US/bbl,76.72,9/28/2018 10:37:41 AM
75180,11/1/2008 12:00:00 AM,WTI,$US/bbl,57.44,9/28/2018 10:37:41 AM
75181,12/1/2008 12:00:00 AM,WTI,$US/bbl,42.04,9/28/2018 10:37:41 AM
75182,1/1/2009 12:00:00 AM,WTI,$US/bbl,41.92,9/28/2018 10:37:41 AM
75183,2/1/2009 12:00:00 AM,WTI,$US/bbl,39.26,9/28/2018 10:37:41 AM
75184,3/1/2009 12:00:00 AM,WTI,$US/bbl,48.06,9/28/2018 10:37:41 AM
75185,4/1/2009 12:00:00 AM,WTI,$US/bbl,49.95,9/28/2018 10:37:41 AM
75186,5/1/2009 12:00:00 AM,WTI,$US/bbl,59.21,9/28/2018 10:37:41 AM
75187,6/1/2009 12:00:00 AM,WTI,$US/bbl,69.7,9/28/2018 10:37:41 AM
75188,7/1/2009 12:00:00 AM,WTI,$US/bbl,64.29,9/28/2018 10:37:41 AM
75189,8/1/2009 12:00:00 AM,WTI,$US/bbl,71.14,9/28/2018 10:37:41 AM
75190,9/1/2009 12:00:00 AM,WTI,$US/bbl,69.47,9/28/2018 10:37:41 AM
75191,10/1/2009 12:00:00 AM,WTI,$US/bbl,75.82,9/28/2018 10:37:41 AM
75192,11/1/2009 12:00:00 AM,WTI,$US/bbl,78.15,9/28/2018 10:37:41 AM
75193,12/1/2009 12:00:00 AM,WTI,$US/bbl,74.6,9/28/2018 10:37:41 AM
75194,1/1/2010 12:00:00 AM,WTI,$US/bbl,78.4,9/28/2018 10:37:41 AM
75195,2/1/2010 12:00:00 AM,WTI,$US/bbl,76.45,9/28/2018 10:37:41 AM
75196,3/1/2010 12:00:00 AM,WTI,$US/bbl,81.29,9/28/2018 10:37:41 AM
75197,4/1/2010 12:00:00 AM,WTI,$US/bbl,84.58,9/28/2018 10:37:41 AM
75198,5/1/2010 12:00:00 AM,WTI,$US/bbl,74.12,9/28/2018 10:37:41 AM
75199,6/1/2010 12:00:00 AM,WTI,$US/bbl,75.41,9/28/2018 10:37:41 AM
75200,7/1/2010 12:00:00 AM,WTI,$US/bbl,76.38,9/28/2018 10:37:41 AM
75201,8/1/2010 12:00:00 AM,WTI,$US/bbl,76.67,9/28/2018 10:37:41 AM
75202,9/1/2010 12:00:00 AM,WTI,$US/bbl,75.55,9/28/2018 10:37:41 AM
75203,10/1/2010 12:00:00 AM,WTI,$US/bbl,81.95,9/28/2018 10:37:41 AM
75204,11/1/2010 12:00:00 AM,WTI,$US/bbl,84.32,9/28/2018 10:37:41 AM
75205,12/1/2010 12:00:00 AM,WTI,$US/bbl,89.23,9/28/2018 10:37:41 AM
75206,1/1/2011 12:00:00 AM,WTI,$US/bbl,89.58,9/28/2018 10:37:41 AM
75207,2/1/2011 12:00:00 AM,WTI,$US/bbl,89.74,9/28/2018 10:37:41 AM
75208,3/1/2011 12:00:00 AM,WTI,$US/bbl,102.98,9/28/2018 10:37:41 AM
75209,4/1/2011 12:00:00 AM,WTI,$US/bbl,110.04,9/28/2018 10:37:41 AM
75210,5/1/2011 12:00:00 AM,WTI,$US/bbl,101.36,9/28/2018 10:37:41 AM
75211,6/1/2011 12:00:00 AM,WTI,$US/bbl,96.29,9/28/2018 10:37:41 AM
75212,7/1/2011 12:00:00 AM,WTI,$US/bbl,97.34,9/28/2018 10:37:41 AM
75213,8/1/2011 12:00:00 AM,WTI,$US/bbl,86.34,9/28/2018 10:37:41 AM
75214,9/1/2011 12:00:00 AM,WTI,$US/bbl,85.61,9/28/2018 10:37:41 AM
75215,10/1/2011 12:00:00 AM,WTI,$US/bbl,86.43,9/28/2018 10:37:41 AM
75216,11/1/2011 12:00:00 AM,WTI,$US/bbl,97.16,9/28/2018 10:37:41 AM
75217,12/1/2011 12:00:00 AM,WTI,$US/bbl,98.58,9/28/2018 10:37:41 AM
75218,1/1/2012 12:00:00 AM,WTI,$US/bbl,100.32,9/28/2018 10:37:41 AM
75219,2/1/2012 12:00:00 AM,WTI,$US/bbl,102.26,9/28/2018 10:37:41 AM
75220,3/1/2012 12:00:00 AM,WTI,$US/bbl,106.21,9/28/2018 10:37:41 AM
75221,4/1/2012 12:00:00 AM,WTI,$US/bbl,103.35,9/28/2018 10:37:41 AM
75222,5/1/2012 12:00:00 AM,WTI,$US/bbl,94.72,9/28/2018 10:37:41 AM
75223,6/1/2012 12:00:00 AM,WTI,$US/bbl,82.41,9/28/2018 10:37:41 AM
75224,7/1/2012 12:00:00 AM,WTI,$US/bbl,87.93,9/28/2018 10:37:41 AM
75225,8/1/2012 12:00:00 AM,WTI,$US/bbl,94.16,9/28/2018 10:37:41 AM
75226,9/1/2012 12:00:00 AM,WTI,$US/bbl,94.56,9/28/2018 10:37:41 AM
75227,10/1/2012 12:00:00 AM,WTI,$US/bbl,89.57,9/28/2018 10:37:41 AM
75228,11/1/2012 12:00:00 AM,WTI,$US/bbl,86.73,9/28/2018 10:37:41 AM
75229,12/1/2012 12:00:00 AM,WTI,$US/bbl,88.25,9/28/2018 10:37:41 AM
75230,1/1/2013 12:00:00 AM,WTI,$US/bbl,94.83,9/28/2018 10:37:41 AM
75231,2/1/2013 12:00:00 AM,WTI,$US/bbl,95.32,9/28/2018 10:37:41 AM
75232,3/1/2013 12:00:00 AM,WTI,$US/bbl,92.96,9/28/2018 10:37:41 AM
75233,4/1/2013 12:00:00 AM,WTI,$US/bbl,92.07,9/28/2018 10:37:41 AM
75234,5/1/2013 12:00:00 AM,WTI,$US/bbl,94.8,9/28/2018 10:37:41 AM
75235,6/1/2013 12:00:00 AM,WTI,$US/bbl,95.8,9/28/2018 10:37:41 AM
75236,7/1/2013 12:00:00 AM,WTI,$US/bbl,104.7,9/28/2018 10:37:41 AM
75237,8/1/2013 12:00:00 AM,WTI,$US/bbl,106.54,9/28/2018 10:37:41 AM
75238,9/1/2013 12:00:00 AM,WTI,$US/bbl,106.24,9/28/2018 10:37:41 AM
75239,10/1/2013 12:00:00 AM,WTI,$US/bbl,100.55,9/28/2018 10:37:41 AM
75240,11/1/2013 12:00:00 AM,WTI,$US/bbl,93.93,9/28/2018 10:37:41 AM
75241,12/1/2013 12:00:00 AM,WTI,$US/bbl,97.89,9/28/2018 10:37:41 AM
75242,1/1/2014 12:00:00 AM,WTI,$US/bbl,94.86,9/28/2018 10:37:41 AM
75243,2/1/2014 12:00:00 AM,WTI,$US/bbl,100.68,9/28/2018 10:37:41 AM
75244,3/1/2014 12:00:00 AM,WTI,$US/bbl,100.51,9/28/2018 10:37:41 AM
75245,4/1/2014 12:00:00 AM,WTI,$US/bbl,102.04,9/28/2018 10:37:41 AM
75246,5/1/2014 12:00:00 AM,WTI,$US/bbl,101.8,9/28/2018 10:37:41 AM
75247,6/1/2014 12:00:00 AM,WTI,$US/bbl,105.15,9/28/2018 10:37:41 AM
75248,7/1/2014 12:00:00 AM,WTI,$US/bbl,102.39,9/28/2018 10:37:41 AM
75249,8/1/2014 12:00:00 AM,WTI,$US/bbl,96.08,9/28/2018 10:37:41 AM
75250,9/1/2014 12:00:00 AM,WTI,$US/bbl,93.03,9/28/2018 10:37:41 AM
75251,10/1/2014 12:00:00 AM,WTI,$US/bbl,84.34,9/28/2018 10:37:41 AM
75252,11/1/2014 12:00:00 AM,WTI,$US/bbl,75.81,9/28/2018 10:37:41 AM
75253,12/1/2014 12:00:00 AM,WTI,$US/bbl,59.29,9/28/2018 10:37:41 AM
75254,1/1/2015 12:00:00 AM,WTI,$US/bbl,47.22,9/28/2018 10:37:41 AM
75255,2/1/2015 12:00:00 AM,WTI,$US/bbl,50.58,9/28/2018 10:37:41 AM
75256,3/1/2015 12:00:00 AM,WTI,$US/bbl,47.82,9/28/2018 10:37:41 AM
75257,4/1/2015 12:00:00 AM,WTI,$US/bbl,54.45,9/28/2018 10:37:41 AM
75258,5/1/2015 12:00:00 AM,WTI,$US/bbl,59.27,9/28/2018 10:37:41 AM
75259,6/1/2015 12:00:00 AM,WTI,$US/bbl,59.82,9/28/2018 10:37:41 AM
75260,7/1/2015 12:00:00 AM,WTI,$US/bbl,50.9,9/28/2018 10:37:41 AM
75261,8/1/2015 12:00:00 AM,WTI,$US/bbl,42.87,9/28/2018 10:37:41 AM
75262,9/1/2015 12:00:00 AM,WTI,$US/bbl,45.48,9/28/2018 10:37:41 AM
75263,10/1/2015 12:00:00 AM,WTI,$US/bbl,46.22,9/28/2018 10:37:41 AM
75264,11/1/2015 12:00:00 AM,WTI,$US/bbl,42.44,9/28/2018 10:37:41 AM
75265,12/1/2015 12:00:00 AM,WTI,$US/bbl,37.19,9/28/2018 10:37:41 AM
75266,1/1/2016 12:00:00 AM,WTI,$US/bbl,31.68,9/28/2018 10:37:41 AM
75267,2/1/2016 12:00:00 AM,WTI,$US/bbl,30.32,9/28/2018 10:37:41 AM
75268,3/1/2016 12:00:00 AM,WTI,$US/bbl,37.55,9/28/2018 10:37:41 AM
75269,4/1/2016 12:00:00 AM,WTI,$US/bbl,40.75,9/28/2018 10:37:41 AM
75270,5/1/2016 12:00:00 AM,WTI,$US/bbl,46.71,9/28/2018 10:37:41 AM
75271,6/1/2016 12:00:00 AM,WTI,$US/bbl,48.76,9/28/2018 10:37:41 AM
75272,7/1/2016 12:00:00 AM,WTI,$US/bbl,44.65,9/28/2018 10:37:41 AM
75273,8/1/2016 12:00:00 AM,WTI,$US/bbl,44.72,9/28/2018 10:37:41 AM
75274,9/1/2016 12:00:00 AM,WTI,$US/bbl,45.18,9/28/2018 10:37:41 AM
75275,10/1/2016 12:00:00 AM,WTI,$US/bbl,49.78,9/28/2018 10:37:41 AM
75276,11/1/2016 12:00:00 AM,WTI,$US/bbl,45.66,9/28/2018 10:37:41 AM
75277,12/1/2016 12:00:00 AM,WTI,$US/bbl,51.97,9/28/2018 10:37:41 AM
75278,1/1/2017 12:00:00 AM,WTI,$US/bbl,52.5,9/28/2018 10:37:41 AM
75279,2/1/2017 12:00:00 AM,WTI,$US/bbl,53.47,9/28/2018 10:37:41 AM
75280,3/1/2017 12:00:00 AM,WTI,$US/bbl,49.33,9/28/2018 10:37:41 AM
75281,4/1/2017 12:00:00 AM,WTI,$US/bbl,51.06,9/28/2018 10:37:41 AM
75282,5/1/2017 12:00:00 AM,WTI,$US/bbl,48.48,9/28/2018 10:37:41 AM
75283,6/1/2017 12:00:00 AM,WTI,$US/bbl,45.18,9/28/2018 10:37:41 AM
75284,7/1/2017 12:00:00 AM,WTI,$US/bbl,46.63,9/28/2018 10:37:41 AM
75285,8/1/2017 12:00:00 AM,WTI,$US/bbl,48.04,9/28/2018 10:37:41 AM
75286,9/1/2017 12:00:00 AM,WTI,$US/bbl,49.82,9/28/2018 10:37:41 AM
75287,10/1/2017 12:00:00 AM,WTI,$US/bbl,51.58,9/28/2018 10:37:41 AM
75288,11/1/2017 12:00:00 AM,WTI,$US/bbl,56.64,9/28/2018 10:37:41 AM
75289,12/1/2017 12:00:00 AM,WTI,$US/bbl,57.88,9/28/2018 10:37:41 AM
75290,1/1/2018 12:00:00 AM,WTI,$US/bbl,63.7,9/28/2018 10:37:41 AM
75291,2/1/2018 12:00:00 AM,WTI,$US/bbl,62.23,9/28/2018 10:37:41 AM
75292,3/1/2018 12:00:00 AM,WTI,$US/bbl,62.73,9/28/2018 10:37:41 AM
75293,4/1/2018 12:00:00 AM,WTI,$US/bbl,66.25,9/28/2018 10:37:41 AM
75294,5/1/2018 12:00:00 AM,WTI,$US/bbl,69.98,9/28/2018 10:37:41 AM
75295,6/1/2018 12:00:00 AM,WTI,$US/bbl,67.87,9/28/2018 10:37:41 AM
75296,7/1/2018 12:00:00 AM,WTI,$US/bbl,70.98,9/28/2018 10:37:41 AM
75297,8/1/2018 12:00:00 AM,WTI,$US/bbl,68.06,9/28/2018 10:37:41 AM
