﻿"Cube Title","Product Id","CANSIM Id",URL,"Cube Notes","Archive Status",Frequency,"Start Reference Period","End Reference Period","Total number of dimensions"
"Canadian pipeline transport of oil and other liquid petroleum products, monthly (cubic metres)",25100056,133-0006,"https://www150.statcan.gc.ca/t1/tbl1/en/tv.action?pid=2510005601",11,"CURRENT - a cube available to the public and that is current",Monthly,2016-01-01,2018-07-01,4

"Dimension ID","Dimension name","Dimension Notes","Dimension Definitions"
1,Geography,,
2,Products,,
3,Pipeline,,
4,Statistics,,

"Dimension ID","Member Name","Classification Code","Member ID","Parent Member ID",Terminated,"Member Notes","Member Definitions"
1,Canada,[11124],1,,,,
1,Quebec,[24],2,1,,,
1,Ontario,[35],3,1,,,
1,Manitoba,[46],4,1,,,
1,Saskatchewan,[47],5,1,,,
1,Alberta,[48],6,1,,,
1,"British Columbia",[59],7,1,,,
1,"Northwest Territories",[61],8,1,,,
2,"Crude oil and equivalent products",,1,,,2,
2,"Propane, butane, and other products",,2,,,3,
3,Imports,,1,,,4,
3,"Receipts from fields and plants",,2,,,5,
3,"Other receipts",,3,,,6,
3,Exports,,4,,,7,
3,"Deliveries to refineries",,5,,,8,
3,"Other deliveries",,6,,,9,
3,"Opening inventory",,7,,,10,
3,"Closing inventory",,8,,,10,
4,"Cubic metres",,1,,,,
4,Barrels,,2,,,,

Symbol Legend
Description,Symbol
"not available for a specific reference period",..
"less than the limit of detection",<LOD
"value rounded to 0 (zero) where there is a meaningful distinction between true zero and the value that was rounded",0s
"data quality: excellent",A
"data quality: very good",B
"data quality: good",C
"data quality: acceptable",D
"use with caution",E
"too unreliable to be published.",F
"not applicable",...
preliminary,p
revised,r
"suppressed to meet the confidentiality requirements of the Statistics Act",x
terminated,t

"Survey Code","Survey Name"
2148,"Monthly Oil and Other Liquid Petroleum Products Pipeline Survey"

"Subject Code","Subject Name"
25,Energy

"Note ID",Note
2,"Includes the following liquid hydrocarbons: crude oil, condensate, pentanes plus and synthetic crude oil."
3,"Includes the following liquid hydrocarbons: natural gas liquids such as ethane, propane and butane; refined petroleum products such as motor gasoline, diesel fuel oil and aviation fuel."
4,"Imports include receipts of foreign produced oil, condensate, natural gas liquids and petroleum products destined for use in Canada."
5,"Receipts from fields and plants include receipts from batteries and terminals associated with field separators and field upgraders, and receipts from gas processing plants and extraction plants. Receipts from fractionation plants are excluded."
6,"Other receipts include receipts from refineries and upgrader/refinery complexes, and receipts from loading facilities associated with truck, rail and barge. Receipts from gas fractionation plants are included."
7,"Exports include deliveries of Canadian produced oil, condensate, natural gas liquids and petroleum products destined for use outside of Canada."
8,"Deliveries to refineries include deliveries to upgrader/refinery complexes."
9,"Other deliveries include deliveries to chemical manufacturing plants, and deliveries to batteries and terminals destined for field use. Other deliveries also include deliveries to deliveries to distribution terminals, and deliveries to loading facilities associated with truck, rail and barge. Deliveries to fractionation plants are included."
10,"Inventories include inventories held in pipelines, tanks and terminals. Inventories exclude inventories held in field batteries and inventories held in the United States."
11,"Due to rounding, components may not add to total (where applicable)."

"Correction ID","Correction Date","Correction Note"

